Data Kosakata Bahasa Arab Al-Qur'an — Project Hafiz Vocab MPKT-B (200 Kosakata),,,,,,,,,,,,,
100 kosakata terpilih berdasarkan frekuensi tertinggi | Sumber: Quranic Arabic Corpus (corpus.quran.com) · Terjemahan ID: Kemenag RI 2019 (quran.kemenag.go.id) · Terjemahan EN: Saheeh International (quran.com),,,,,,,,,,,,,
ID *,Kata Arab *,Transliterasi *,Arti (ID) *,Arti (EN),Jenis Kata *,Ket Kata,Frekuensi,Contoh Ayat (Arab),Contoh Ayat (ID),Contoh Ayat (EN),Nama Surat,No. Ayat,Status *
1,أَرْضٌ,Ardh,Bumi / Tanah,Earth / Land,Isim,"Isim jamid, muannats",461,ٱلَّذِى جَعَلَ لَكُمُ ٱلْأَرْضَ فِرَٰشًا وَٱلسَّمَآءَ بِنَآءً,Yang menjadikan bumi sebagai hamparan bagimu dan langit sebagai atap,Who made for you the earth a bed [spread out] and the sky a ceiling,Al-Baqarah,2:22,Sudah
2,قَوْمٌ,Qawm,Kaum / Umat,People / Nation,Isim,"Isim jamid, mudzakkar",383,وَإِلَىٰ عَادٍ أَخَاهُمْ هُودًا ۗ قَالَ يَٰقَوْمِ ٱعْبُدُوا۟ ٱللَّهَ مَا لَكُم مِّنْ إِلَٰهٍ غَيْرُهُۥ,"Dan kepada kaum 'Ad (Kami utus) saudara mereka, Hud. Dia berkata, 'Wahai kaumku! Sembahlah Allah, tidak ada tuhan bagimu selain Dia'","And to the people of 'Aad [We sent] their brother Hud. He said, 'O my people, worship Allah; you have no deity other than Him'",Al-A'raf,8:05,Sudah
3,ءَايَةٌ,Āyah,Ayat / Tanda,Sign / Verse,Isim,"Isim jamid, muannats",382,لَقَدْ كَانَ فِى يُوسُفَ وَإِخْوَتِهِۦٓ ءَايَٰتٌ لِّلسَّآئِلِينَ,"Sungguh, dalam (kisah) Yusuf dan saudara-saudaranya terdapat tanda-tanda (kebesaran Allah) bagi orang yang bertanya",Certainly were there in Joseph and his brothers signs for those who ask,Yusuf,12:7,Sudah
4,كُلٌّ,Kull,Semua / Setiap,All / Every,Isim,"Isim, digunakan sebagai tawkid (penguat)",358,كُلُّ نَفْسٍ ذَآئِقَةُ ٱلْمَوْتِ ۗ وَإِنَّمَا تُوَفَّوْنَ أُجُورَكُمْ يَوْمَ ٱلْقِيَٰمَةِ,Setiap yang bernyawa akan merasakan mati. Dan hanya pada hari Kiamat sajalah diberikan dengan sempurna balasanmu,"Every soul will taste death, and you will only be given your [full] compensation on the Day of Resurrection",Ali 'Imran,6:05,Sudah
5,يَوْمٌ,Yawm,Hari,Day,Isim,"Isim jamid, mudzakkar",325,مَٰلِكِ يَوْمِ ٱلدِّينِ,Pemilik hari pembalasan,Sovereign of the Day of Recompense,Al-Fatihah,1:4,Sudah
6,عَذَابٌ,Adzāb,Azab / Siksaan,Punishment / Torment,Isim,"Isim jamid, mudzakkar",322,وَٱتَّقُوا۟ يَوْمًا لَّا تَجْزِى نَفْسٌ عَن نَّفْسٍ شَيْـًٔا وَلَا يُقْبَلُ مِنْهَا شَفَٰعَةٌ وَلَا يُؤْخَذُ مِنْهَا عَدْلٌ وَلَا هُمْ يُنصَرُونَ,"Dan takutlah kamu pada hari ketika tidak seorang pun dapat menggantikan orang lain sedikit pun, tidak diterima syafaat dan tebusan darinya, dan tidak akan ditolong","And fear a Day when no soul will suffice for another soul at all, and no intercession will be accepted from it, nor will any compensation be taken, and they will not be aided",Al-Baqarah,2:48,Sudah
7,سَمَاءٌ,Samā',Langit,Sky / Heaven,Isim,"Isim jamid, muannats",310,إِنَّ فِى خَلْقِ ٱلسَّمَٰوَٰتِ وَٱلْأَرْضِ وَٱخْتِلَٰفِ ٱلَّيْلِ وَٱلنَّهَارِ لَءَايَٰتٍ لِّأُو۟لِى ٱلْأَلْبَٰبِ,"Sesungguhnya dalam penciptaan langit dan bumi, dan pergantian malam dan siang terdapat tanda-tanda (kebesaran Allah) bagi orang yang berakal","Indeed, in the creation of the heavens and the earth and the alternation of the night and the day are signs for those of understanding",Ali 'Imran,6:10,Sudah
8,نَفْسٌ,Nafs,Jiwa / Diri,Soul / Self,Isim,"Isim jamid, muannats",295,كُلُّ نَفْسٍ ذَآئِقَةُ ٱلْمَوْتِ,Setiap yang bernyawa akan merasakan mati,Every soul will taste death,Ali 'Imran,6:05,Sudah
9,شَيْءٌ,Shay',Sesuatu,Thing / Something,Isim,"Isim jamid, mudzakkar",283,وَهُوَ عَلَىٰ كُلِّ شَيْءٍ قَدِيرٌ,Dan Dia Mahakuasa atas segala sesuatu,And He is over all things competent,Al-Baqarah,6:44,Sudah
10,كِتَابٌ,Kitāb,Kitab,Book / Scripture,Isim,"Isim musytaq (masdar), mudzakkar",260,ذَٰلِكَ ٱلْكِتَٰبُ لَا رَيْبَ ۛ فِيهِ ۛ هُدًى لِّلْمُتَّقِينَ,Kitab (Al-Qur'an) ini tidak ada keraguan di dalamnya; petunjuk bagi mereka yang bertakwa,"This is the Book about which there is no doubt, a guidance for those conscious of Allah",Al-Baqarah,2:2,Sudah
11,حَقٌّ,Haqq,Kebenaran / Hak,Truth / Right,Isim,"Isim musytaq (masdar), mudzakkar",242,ذَٰلِكَ بِأَنَّ ٱللَّهَ هُوَ ٱلْحَقُّ وَأَنَّهُۥ يُحْىِ ٱلْمَوْتَىٰ وَأَنَّهُۥ عَلَىٰ كُلِّ شَيْءٍ قَدِيرٌ,"Demikian itu, karena sesungguhnya Allah, Dialah yang hak dan sesungguhnya Dia yang menghidupkan orang mati dan sesungguhnya Allah Mahakuasa atas segala sesuatu",That is because Allah is the Truth and because He gives life to the dead and because He is over all things competent,Al-Hajj,22:6,Sudah
12,نَّاسٌ,Nās,Manusia,People / Mankind,Isim,"Isim jamid, mudzakkar (jamak)",241,يَٰٓأَيُّهَا ٱلنَّاسُ ٱعْبُدُوا۟ رَبَّكُمُ ٱلَّذِى خَلَقَكُمْ وَٱلَّذِينَ مِن قَبْلِكُمْ لَعَلَّكُمْ تَتَّقُونَ,"Wahai manusia! Sembahlah Tuhanmu yang telah menciptakanmu dan orang-orang yang sebelummu, agar kamu bertakwa","O mankind, worship your Lord, who created you and those before you, that you may become righteous",Al-Baqarah,2:21,Sudah
13,مُؤْمِنٌ,Mu'min,Orang beriman,Believer / Faithful,Isim,Isim fa'il dari fi'il āmana,195,إِنَّمَا ٱلْمُؤْمِنُونَ إِخْوَةٌ فَأَصْلِحُوا۟ بَيْنَ أَخَوَيْكُمْ ۚ وَٱتَّقُوا۟ ٱللَّهَ لَعَلَّكُمْ تُرْحَمُونَ,"Sesungguhnya orang-orang mukmin itu bersaudara, karena itu damaikanlah antara kedua saudaramu (yang berselisih) dan bertakwalah kepada Allah agar kamu mendapat rahmat","The believers are but brothers, so make settlement between your brothers. And fear Allah that you may receive mercy",Al-Hujurat,49:10:00,Sudah
14,سَبِيلٌ,Sabīl,Jalan,Path / Way,Isim,"Isim jamid, mudzakkar/muannats",176,قُلْ هَٰذِهِۦ سَبِيلِىٓ أَدْعُوٓا۟ إِلَى ٱللَّهِ ۚ عَلَىٰ بَصِيرَةٍ أَنَا۠ وَمَنِ ٱتَّبَعَنِى,"Katakanlah (Muhammad), 'Inilah jalanku, aku dan orang-orang yang mengikutiku mengajak (kamu) kepada Allah dengan yakin'","Say, 'This is my way; I invite to Allah with insight, I and those who follow me'",Yusuf,13:48,Sudah
15,أَمْرٌ,Amr,Perintah / Urusan,Command / Matter,Isim,"Isim jamid, mudzakkar",166,وَمَآ أَمْرُنَآ إِلَّا وَٰحِدَةٌ كَلَمْحٍۭ بِٱلْبَصَرِ,Dan perintah Kami hanyalah satu perkataan seperti kejapan mata,"And Our command is but one, like a glance of the eye",Al-Qamar,54:50:00,Sudah
16,بَعْضٌ,Ba'dh,Sebagian,Some / Part,Isim,"Isim jamid, mudzakkar",157,وَلَقَدْ فَضَّلْنَا بَعْضَ ٱلنَّبِيِّۦنَ عَلَىٰ بَعْضٍ,"Dan sungguh, Kami telah memberikan kelebihan kepada sebagian nabi atas sebagian (yang lain)",And We have made some of the prophets exceed others [in various ways],Al-Isra',17:55,Sudah
17,خَيْرٌ,Khayr,Kebaikan / Lebih baik,Good / Better,Isim,Isim sifat musyabbahah / isim tafdhil,148,وَمَا تُقَدِّمُوا۟ لِأَنفُسِكُم مِّنْ خَيْرٍ تَجِدُوهُ عِندَ ٱللَّهِ ۚ إِنَّ ٱللَّهَ بِمَا تَعْمَلُونَ بَصِيرٌ,"Dan kebaikan apa pun yang kamu kerjakan untuk dirimu, niscaya kamu akan mendapatkan (balasan)nya di sisi Allah. Sesungguhnya Allah Maha Melihat apa yang kamu kerjakan","And whatever good you put forward for yourselves - you will find it with Allah. Indeed, Allah of what you do, is Seeing",Al-Baqarah,3:50,Sudah
18,نَارٌ,Nār,Api / Neraka,Fire / Hell,Isim,"Isim jamid, muannats",145,وَٱتَّقُوا۟ ٱلنَّارَ ٱلَّتِىٓ أُعِدَّتْ لِلْكَٰفِرِينَ,Dan peliharalah dirimu dari api neraka yang disediakan untuk orang-orang kafir,"And fear the Fire, which has been prepared for the disbelievers",Ali 'Imran,5:11,Sudah
19,غَيْرٌ,Ghayr,Selain / Bukan,Other than / Except,Isim,Isim mulhaq (digunakan sebagai sifat atau istitsna'),144,ٱهْدِنَا ٱلصِّرَٰطَ ٱلْمُسْتَقِيمَ ۝ صِرَٰطَ ٱلَّذِينَ أَنْعَمْتَ عَلَيْهِمْ غَيْرِ ٱلْمَغْضُوبِ عَلَيْهِمْ وَلَا ٱلضَّآلِّينَ,"Tunjukilah kami jalan yang lurus, (yaitu) jalan orang-orang yang telah Engkau beri nikmat kepadanya; bukan (jalan) mereka yang dimurkai, dan bukan (pula jalan) mereka yang sesat","Guide us to the straight path - The path of those upon whom You have bestowed favor, not of those who have evoked [Your] anger or of those who are astray",Al-Fatihah,1:6-7,Sudah
20,آخِرٌ,Ākhir,Akhir / Terakhir,Last / End,Isim,Isim sifat musyabbahah,133,هُوَ ٱلْأَوَّلُ وَٱلْءَاخِرُ وَٱلظَّٰهِرُ وَٱلْبَاطِنُ ۖ وَهُوَ بِكُلِّ شَيْءٍ عَلِيمٌ,"Dialah Yang Awal, Yang Akhir, Yang Zahir, dan Yang Batin; dan Dia Maha Mengetahui segala sesuatu","He is the First and the Last, the Ascendant and the Intimate, and He is, of all things, Knowing",Al-Hadid,57:3,Sudah
21,بَعْدَ,Ba'da,Setelah / Sesudah,After,Isim,Isim zharaf zaman/makan (zharf),133,وَمَآ أَرْسَلْنَٰكَ إِلَّا رَحْمَةً لِّلْعَٰلَمِينَ ۝ قُلْ إِنَّمَا يُوحَىٰٓ إِلَيَّ أَنَّمَآ إِلَٰهُكُمْ إِلَٰهٌ وَٰحِدٌ,"Dan Kami tidak mengutus engkau (Muhammad) melainkan untuk (menjadi) rahmat bagi seluruh alam. Katakanlah, 'Sesungguhnya yang diwahyukan kepadaku adalah bahwa Tuhanmu adalah Tuhan Yang Maha Esa'","And We have not sent you, [O Muhammad], except as a mercy to the worlds. Say, 'It is only revealed to me that your god is but one God'",Al-Anbiya',21:107-108,Sudah
22,قَلْبٌ,Qalb,Hati,Heart,Isim,"Isim jamid, mudzakkar",132,أَلَا بِذِكْرِ ٱللَّهِ تَطْمَئِنُّ ٱلْقُلُوبُ,"Ingatlah, hanya dengan mengingat Allah hati menjadi tenteram","Verily, in the remembrance of Allah do hearts find rest",Ar-Ra'd,13:28,Sudah
23,عَبْدٌ,Abd,Hamba / Budak,Servant / Slave,Isim,"Isim jamid, mudzakkar",131,وَمَا خَلَقْتُ ٱلْجِنَّ وَٱلْإِنسَ إِلَّا لِيَعْبُدُونِ,Aku tidak menciptakan jin dan manusia melainkan agar mereka beribadah kepada-Ku,And I did not create the jinn and mankind except to worship Me,Adh-Dhariyat,51:56:00,Sudah
24,أَهْلٌ,Ahl,Keluarga / Penduduk,Family / People of,Isim,"Isim jamid, mudzakkar",127,يَٰٓأَهْلَ ٱلْكِتَٰبِ لَا تَغْلُوا۟ فِى دِينِكُمْ,Wahai Ahli Kitab! Janganlah kamu berlebih-lebihan dalam agamamu,"O People of the Scripture, do not commit excess in your religion",An-Nisa',6:51,Sudah
25,يَدٌ,Yad,Tangan,Hand,Isim,"Isim jamid, muannats",120,يَدُ ٱللَّهِ فَوْقَ أَيْدِيهِمْ ۚ فَمَن نَّكَثَ فَإِنَّمَا يَنكُثُ عَلَىٰ نَفْسِهِ,"Tangan Allah di atas tangan mereka. Maka barang siapa melanggar janji, maka sesungguhnya ia melanggar atas (janji)nya sendiri",The hand of Allah is over their hands. So he who breaks his word only breaks it to the detriment of himself,Al-Fath,48:10:00,Sudah
26,كَافِرٌ,Kāfir,Orang kafir,Disbeliever / Unbeliever,Isim,Isim fa'il dari fi'il kafara,119,إِنَّ ٱلَّذِينَ كَفَرُوا۟ سَوَآءٌ عَلَيْهِمْ ءَأَنذَرْتَهُمْ أَمْ لَمْ تُنذِرْهُمْ لَا يُؤْمِنُونَ,"Sesungguhnya orang-orang yang kafir, sama saja bagi mereka, engkau beri peringatan atau tidak engkau beri peringatan, mereka tidak akan beriman","Indeed, those who disbelieve - it is all the same for them whether you warn them or do not warn them - they will not believe",Al-Baqarah,2:6,Sudah
27,أَجْرٌ,Ajr,Pahala / Upah,Reward / Wage,Isim,"Isim masdar, mudzakkar",105,إِنَّ ٱلَّذِينَ ءَامَنُوا۟ وَعَمِلُوا۟ ٱلصَّٰلِحَٰتِ لَهُمْ أَجْرٌ غَيْرُ مَمْنُونٍ,"Sesungguhnya orang-orang yang beriman dan mengerjakan kebajikan, bagi mereka pahala yang tidak pernah putus","Indeed, those who have believed and done righteous deeds - for them is a reward uninterrupted",Al-Insyiqaq,84:25:00,Sudah
28,ظَالِمٌ,Dhālim,Orang zalim,Wrongdoer / Oppressor,Isim,Isim fa'il dari fi'il zhalama,105,وَٱللَّهُ لَا يُحِبُّ ٱلظَّٰلِمِينَ,Dan Allah tidak menyukai orang-orang yang zalim,And Allah does not like the wrongdoers,Ali 'Imran,3:57,Sudah
29,عِلْمٌ,Ilm,Ilmu / Pengetahuan,Knowledge,Isim,"Isim masdar, mudzakkar",105,وَقُل رَّبِّ زِدْنِى عِلْمًا,"Dan katakanlah, 'Ya Tuhanku, tambahkanlah ilmu kepadaku'","And say, 'My Lord, increase me in knowledge'",Thaha,21:54,Sudah
30,عَظِيمٌ,Azhīm,Agung / Besar,Great / Magnificent,Isim,Isim sifat musyabbahah,104,سُبْحَٰنَ رَبِّكَ رَبِّ ٱلْعِزَّةِ عَمَّا يَصِفُونَ ۝ وَسَلَٰمٌ عَلَى ٱلْمُرْسَلِينَ,"Mahasuci Tuhanmu, Tuhan Yang Mahamulia, dari apa yang mereka sifatkan. Dan semoga keselamatan dilimpahkan kepada para rasul","Exalted is your Lord, the Lord of might, above what they describe. And peace upon the messengers",As-Shaffat,37:180-181,Sudah
31,عَلِيمٌ,Alīm,Maha Mengetahui,All-Knowing,Isim,"Isim sifat (sighah mubalaghah), mudzakkar",101,إِنَّ ٱللَّهَ بِكُلِّ شَيْءٍ عَلِيمٌ,Sesungguhnya Allah Maha Mengetahui segala sesuatu,"Indeed, Allah is Knowing of all things",Al-Baqarah,6:42,Sudah
32,جَنَّةٌ,Jannah,Surga,Paradise / Garden,Isim,"Isim jamid, muannats",96,إِنَّ ٱلَّذِينَ ءَامَنُوا۟ وَعَمِلُوا۟ ٱلصَّٰلِحَٰتِ كَانَتْ لَهُمْ جَنَّٰتُ ٱلْفِرْدَوْسِ نُزُلًا,"Sesungguhnya orang yang beriman dan mengerjakan kebajikan, untuk mereka disediakan Surga Firdaus sebagai tempat tinggal","Indeed, those who have believed and done righteous deeds - they will have the Gardens of Paradise as a lodging",Al-Kahf,19:47,Sudah
33,دِينٌ,Dīn,Agama / Hari pembalasan,Religion / Way of life,Isim,"Isim masdar, mudzakkar",92,ٱلْيَوْمَ أَكْمَلْتُ لَكُمْ دِينَكُمْ وَأَتْمَمْتُ عَلَيْكُمْ نِعْمَتِى وَرَضِيتُ لَكُمُ ٱلْإِسْلَٰمَ دِينًا,"Pada hari ini telah Aku sempurnakan agamamu untukmu, dan telah Aku cukupkan nikmat-Ku bagimu, dan telah Aku ridai Islam sebagai agamamu",This day I have perfected for you your religion and completed My favor upon you and have approved for you Islam as religion,Al-Ma'idah,5:3,Sudah
34,قَوْلٌ,Qawl,Perkataan / Ucapan,Word / Speech,Isim,"Isim masdar, mudzakkar",92,وَمَنْ أَصْدَقُ مِنَ ٱللَّهِ قِيلًا,Dan siapakah yang lebih benar perkataannya daripada Allah?,And who is truer in speech than Allah?,An-Nisa',6:02,Sudah
35,مَلَكٌ,Malak,Malaikat,Angel,Isim,"Isim jamid, mudzakkar",88,وَقَالُوا۟ لَوْلَآ أُنزِلَ عَلَيْهِ مَلَكٌ ۖ وَلَوْ أَنزَلْنَا مَلَكًا لَّقُضِىَ ٱلْأَمْرُ ثُمَّ لَا يُنظَرُونَ,"Dan mereka berkata, 'Mengapa tidak diturunkan malaikat kepadanya?' Dan jika Kami menurunkan malaikat, tentulah urusan itu telah diputuskan dan mereka tidak diberi penangguhan sedikit pun","And they say, 'Why was there not sent down to him an angel?' But if We had sent down an angel, the matter would have been decided; then they would not be reprieved",Al-An'am,6:8,Sudah
36,مَثَلٌ,Matsal,Perumpamaan / Contoh,Parable / Example,Isim,"Isim jamid, mudzakkar",87,إِنَّ ٱللَّهَ لَا يَسْتَحْىِۦٓ أَن يَضْرِبَ مَثَلًا مَّا بَعُوضَةً فَمَا فَوْقَهَا,Sesungguhnya Allah tidak malu membuat perumpamaan seekor nyamuk atau yang lebih kecil dari itu,"Indeed, Allah is not timid to present an example - that of a mosquito or what is smaller than it",Al-Baqarah,2:26,Sudah
37,مَالٌ,Māl,Harta / Kekayaan,Wealth / Property,Isim,"Isim jamid, mudzakkar",86,وَٱعْلَمُوٓا۟ أَنَّمَآ أَمْوَٰلُكُمْ وَأَوْلَٰدُكُمْ فِتْنَةٌ وَأَنَّ ٱللَّهَ عِندَهُۥٓ أَجْرٌ عَظِيمٌ,Dan ketahuilah bahwa hartamu dan anak-anakmu itu hanyalah sebagai cobaan dan sesungguhnya di sisi Allah ada pahala yang besar,And know that your properties and your children are but a trial and that Allah has with Him a great reward,Al-Anfal,8:28,Sudah
38,وَلِيٌّ,Waliy,Wali / Pelindung,Guardian / Protector,Isim,Isim sifat musyabbahah,86,ٱللَّهُ وَلِيُّ ٱلَّذِينَ ءَامَنُوا۟ يُخْرِجُهُم مِّنَ ٱلظُّلُمَٰتِ إِلَى ٱلنُّورِ,Allah pelindung orang-orang yang beriman; Dia mengeluarkan mereka dari kegelapan kepada cahaya (iman),Allah is the ally of those who believe. He brings them out from darknesses into the light,Al-Baqarah,6:17,Sudah
39,هُدًى,Hudā,Petunjuk,Guidance,Isim,"Isim masdar, mudzakkar (maqshur)",85,ذَٰلِكَ ٱلْكِتَٰبُ لَا رَيْبَ ۛ فِيهِ ۛ هُدًى لِّلْمُتَّقِينَ,Kitab (Al-Qur'an) ini tidak ada keraguan di dalamnya; petunjuk bagi mereka yang bertakwa,"This is the Book about which there is no doubt, a guidance for those conscious of Allah",Al-Baqarah,2:2,Sudah
40,حَكِيمٌ,Hakīm,Maha Bijaksana,All-Wise,Isim,"Isim sifat (sighah mubalaghah), mudzakkar",84,وَهُوَ ٱلْعَزِيزُ ٱلْحَكِيمُ,"Dan Dialah Yang Mahaperkasa, Mahabijaksana","And He is the Exalted in Might, the Wise",Al-Baqarah,4:09,Sudah
41,فَضْلٌ,Fadhl,Karunia / Keutamaan,Bounty / Grace,Isim,"Isim masdar, mudzakkar",84,وَٱبْتَغُوا۟ مِن فَضْلِ ٱللَّهِ وَٱذْكُرُوا۟ ٱللَّهَ كَثِيرًا لَّعَلَّكُمْ تُفْلِحُونَ,Dan carilah karunia Allah dan ingatlah Allah banyak-banyak agar kamu beruntung,And seek from the bounty of Allah and remember Allah often that you may succeed,Al-Jumu'ah,62:10:00,Sudah
42,صَلَاةٌ,Shalāh,Salat / Doa,Prayer,Isim,"Isim masdar, muannats",83,إِنَّ ٱلصَّلَوٰةَ كَانَتْ عَلَى ٱلْمُؤْمِنِينَ كِتَٰبًا مَّوْقُوتًا,"Sungguh, salat itu adalah kewajiban yang ditentukan waktunya atas orang-orang yang beriman","Indeed, prayer has been decreed upon the believers a decree of specified times",An-Nisa',5:43,Sudah
43,لَيْلٌ,Layl,Malam,Night,Isim,"Isim jamid, mudzakkar",82,وَجَعَلْنَا ٱلَّيْلَ وَٱلنَّهَارَ ءَايَتَيْنِ ۖ فَمَحَوْنَآ ءَايَةَ ٱلَّيْلِ,"Dan Kami jadikan malam dan siang sebagai dua tanda (kebesaran Kami), lalu Kami hapuskan tanda malam","And We have made the night and day two signs, and We erased the sign of the night",Al-Isra',17:12,Sudah
44,أَصْحَابٌ,Ashāb,Para sahabat / Penghuni,Companions / People of,Isim,"Isim jamid, mudzakkar (jamak taksir)",78,أَصْحَٰبُ ٱلْجَنَّةِ يَوْمَئِذٍ خَيْرٌ مُّسْتَقَرًّا وَأَحْسَنُ مَقِيلًا,Para penghuni surga pada hari itu paling baik tempat tinggalnya dan paling indah tempat istirahatnya,"The companions of paradise, that Day, are [in] a better settlement and better resting place",Al-Furqan,25:24:00,Sudah
45,نُورٌ,Nūr,Cahaya,Light,Isim,"Isim jamid, mudzakkar",49,ٱللَّهُ نُورُ ٱلسَّمَٰوَٰتِ وَٱلْأَرْضِ ۚ مَثَلُ نُورِهِۦ كَمِشْكَوٰةٍ فِيهَا مِصْبَاحٌ,"Allah (pemberi) cahaya langit dan bumi. Perumpamaan cahaya-Nya, seperti sebuah lubang yang tidak tembus, yang di dalamnya ada pelita besar",Allah is the Light of the heavens and the earth. The example of His light is like a niche within which is a lamp,An-Nur,24:35:00,Sudah
46,قَالَ,Qāla,Berkata / Mengatakan,He said / Said,Fi'il,"Fi'il madhi, mujarrad, wazan fa'ala",1722,قَالَ رَبِّ إِنِّى وَهَنَ ٱلْعَظْمُ مِنِّى وَٱشْتَعَلَ ٱلرَّأْسُ شَيْبًا,"Dia berkata, 'Ya Tuhanku, sungguh tulangku telah lemah dan kepalaku telah dipenuhi uban'","He said, 'My Lord, indeed my bones have weakened, and my head has filled with white'",Maryam,19:4,Sudah
47,كَانَ,Kāna,Adalah / Ada (lampau),Was / Were,Fi'il,Fi'il madhi naqish (fi'il kana wa akhwatuha),1358,كَانَ ٱللَّهُ غَفُورًا رَّحِيمًا,"Allah Maha Pengampun, Maha Penyayang",Allah has ever been Forgiving and Merciful,An-Nisa',5:36,Sudah
48,جَاءَ,Jā'a,Datang,He came / Came,Fi'il,"Fi'il madhi mu'tal (ajwaf), wazan fa'ala",278,وَجَآءَ مِنْ أَقْصَا ٱلْمَدِينَةِ رَجُلٌ يَسْعَىٰ قَالَ يَٰقَوْمِ ٱتَّبِعُوا۟ ٱلْمُرْسَلِينَ,"Dan datanglah seorang laki-laki dari ujung kota dengan bergegas seraya berkata, 'Wahai kaumku! Ikutilah para rasul itu'","And there came from the farthest end of the city a man, running. He said, 'O my people, follow the messengers'",Yasin,36:20:00,Sudah
49,أَرَادَ,Arāda,Menghendaki / Ingin,He wanted / Willed,Fi'il,"Fi'il madhi mazid (bab af'ala), wazan af'ala",253,إِنَّمَا يُرِيدُ ٱللَّهُ لِيُذْهِبَ عَنكُمُ ٱلرِّجْسَ أَهْلَ ٱلْبَيْتِ وَيُطَهِّرَكُمْ تَطْهِيرًا,"Sesungguhnya Allah bermaksud hendak menghilangkan dosa dari kamu, wahai ahlul bait dan membersihkan kamu sebersih-bersihnya","Allah intends only to remove from you the impurity [of sin], O people of the [Prophet's] household, and to purify you with [extensive] purification",Al-Ahzab,33:33:00,Sudah
50,عَلِمَ,Alima,Mengetahui,He knew,Fi'il,"Fi'il madhi mujarrad, wazan fa'ila",214,وَٱللَّهُ يَعْلَمُ مَا تُسِرُّونَ وَمَا تُعْلِنُونَ,Dan Allah mengetahui apa yang kamu rahasiakan dan apa yang kamu nyatakan,And Allah knows what you conceal and what you declare,An-Nahl,16:19,Sudah
51,آمَنَ,Āmana,Beriman,He believed,Fi'il,"Fi'il madhi mazid (bab tafa'ala asal), wazan af'ala",537,يَٰٓأَيُّهَا ٱلَّذِينَ ءَامَنُوٓا۟ أَطِيعُوا۟ ٱللَّهَ وَأَطِيعُوا۟ ٱلرَّسُولَ وَأُو۟لِى ٱلْأَمْرِ مِنكُمْ,"Wahai orang-orang yang beriman! Taatilah Allah dan taatilah Rasul (Muhammad), dan Ulil Amri (pemegang kekuasaan) di antara kamu","O you who have believed, obey Allah and obey the Messenger and those in authority among you",An-Nisa',4:59,Sudah
52,عَمِلَ,Amila,Beramal / Bekerja,He did / Worked,Fi'il,"Fi'il madhi mujarrad, wazan fa'ila",360,مَنْ عَمِلَ صَٰلِحًا فَلِنَفْسِهِۦ ۖ وَمَنْ أَسَآءَ فَعَلَيْهَا ۗ وَمَا رَبُّكَ بِظَلَّٰمٍ لِّلْعَبِيدِ,"Siapa yang mengerjakan kebajikan maka (pahalanya) untuk dirinya sendiri, dan siapa yang berbuat jahat maka (dosanya) menjadi tanggungan dirinya sendiri. Dan Tuhanmu sama sekali tidak menzalimi hamba-hamba-Nya",Whoever does righteousness - it is for his [own] soul; and whoever does evil [does so] against it. And your Lord is not ever unjust to [His] servants,Fushshilat,41:46:00,Sudah
53,خَلَقَ,Khalaqa,Menciptakan,He created,Fi'il,"Fi'il madhi mujarrad, wazan fa'ala",261,ٱلَّذِى خَلَقَ ٱلسَّمَٰوَٰتِ وَٱلْأَرْضَ وَمَا بَيْنَهُمَا فِى سِتَّةِ أَيَّامٍ,Yang menciptakan langit dan bumi dan apa yang ada di antara keduanya dalam enam masa,Who created the heavens and the earth and what is between them in six days,As-Sajdah,32:4,Sudah
54,دَخَلَ,Dakhala,Masuk,He entered,Fi'il,"Fi'il madhi mujarrad, wazan fa'ala",125,وَقُل رَّبِّ أَدْخِلْنِى مُدْخَلَ صِدْقٍ وَأَخْرِجْنِى مُخْرَجَ صِدْقٍ,"Dan katakanlah, 'Ya Tuhanku, masukkan aku ke tempat masuk yang benar dan keluarkan aku ke tempat keluar yang benar'","And say, 'My Lord, cause me to enter a sound entrance and to exit a sound exit'",Al-Isra',18:20,Sudah
55,أَنزَلَ,Anzala,Menurunkan,He sent down / Revealed,Fi'il,"Fi'il madhi mazid (bab if'al), wazan af'ala",289,إِنَّآ أَنزَلْنَٰهُ فِى لَيْلَةِ ٱلْقَدْرِ,Sesungguhnya Kami telah menurunkannya (Al-Qur'an) pada malam qadar,"Indeed, We sent the Qur'an down during the Night of Decree",Al-Qadr,97:1,Sudah
56,كَفَرَ,Kafara,Mengingkari / Kafir,He disbelieved,Fi'il,"Fi'il madhi mujarrad, wazan fa'ala",525,وَمَن يَكْفُرْ بِٱللَّهِ وَمَلَٰٓئِكَتِهِۦ وَكُتُبِهِۦ وَرُسُلِهِۦ وَٱلْيَوْمِ ٱلْءَاخِرِ فَقَدْ ضَلَّ ضَلَٰلًۢا بَعِيدًا,"Dan siapa yang ingkar kepada Allah, malaikat-malaikat-Nya, kitab-kitab-Nya, rasul-rasul-Nya, dan hari kemudian, maka sungguh orang itu telah tersesat sangat jauh","And whoever disbelieves in Allah, His angels, His books, His messengers, and the Last Day has certainly gone far astray",An-Nisa',6:16,Sudah
57,رَجَعَ,Raja'a,Kembali,He returned,Fi'il,"Fi'il madhi mujarrad, wazan fa'ala",107,وَإِنَّآ إِلَيْهِ رَٰجِعُونَ,Dan sesungguhnya hanya kepada-Nya kami kembali,"And indeed, to Him we will return",Al-Baqarah,4:36,Sudah
58,أَتَى,Atā,Mendatangi / Membawa,He came / Brought,Fi'il,"Fi'il madhi mu'tal (naqish), wazan fa'ala",549,هَلْ أَتَىٰكَ حَدِيثُ مُوسَىٰ,Sudahkah sampai kepadamu kisah Musa?,Has there reached you the story of Moses?,Thaha,20:9,Sudah
59,أَخَذَ,Akhadza,Mengambil,He took / Seized,Fi'il,"Fi'il madhi mujarrad, wazan fa'ala",196,وَأَخَذَ بِرَأْسِ أَخِيهِ يَجُرُّهُۥٓ إِلَيْهِ,Dan Musa memegang kepala saudaranya (Harun) sambil menariknya ke arahnya,"And he took hold of his brother's head, pulling him toward him",Al-A'raf,9:30,Sudah
60,أَرْسَلَ,Arsala,Mengutus / Mengirim,He sent,Fi'il,"Fi'il madhi mazid (bab if'al), wazan af'ala",216,إِنَّآ أَرْسَلْنَٰكَ بِٱلْحَقِّ بَشِيرًا وَنَذِيرًا,Sesungguhnya Kami mengutusmu (Muhammad) dengan kebenaran; sebagai pembawa berita gembira dan pemberi peringatan,"Indeed, We have sent you with the truth as a bringer of good tidings and a warner",Al-Baqarah,3:59,Sudah
61,مِنْ,Min,Dari,From / Of,Huruf,Huruf jar (preposisi),3226,ٱلْحَمْدُ لِلَّهِ ٱلَّذِى خَلَقَ ٱلسَّمَٰوَٰتِ وَٱلْأَرْضَ وَجَعَلَ ٱلظُّلُمَٰتِ وَٱلنُّورَ ۖ ثُمَّ ٱلَّذِينَ كَفَرُوا۟ بِرَبِّهِمْ يَعْدِلُونَ,"Segala puji bagi Allah yang telah menciptakan langit dan bumi dan menjadikan gelap dan terang, namun demikian orang-orang kafir menyekutukan (sesuatu) dengan Tuhan mereka","Praise be to Allah, who created the heavens and earth and made the darkness and the light. Then those who disbelieve equate [others] with their Lord",Al-An'am,6:1,Sudah
62,فِى,Fī,Di dalam / Di,In / Within,Huruf,Huruf jar (preposisi),1701,ذَٰلِكَ ٱلْكِتَٰبُ لَا رَيْبَ ۛ فِيهِ ۛ هُدًى لِّلْمُتَّقِينَ,Kitab (Al-Qur'an) ini tidak ada keraguan di dalamnya; petunjuk bagi mereka yang bertakwa,"This is the Book about which there is no doubt, a guidance for those conscious of Allah",Al-Baqarah,2:2,Sudah
63,إِنَّ,Inna,Sesungguhnya,Indeed / Verily,Huruf,Huruf taukid nashib (dari saudara-saudara inna),1682,إِنَّ ٱللَّهَ عَلَىٰ كُلِّ شَيْءٍ قَدِيرٌ,Sesungguhnya Allah Mahakuasa atas segala sesuatu,"Indeed, Allah is over all things competent",Al-Baqarah,2:20,Sudah
64,عَلَى,Alā,Di atas / Atas,On / Upon,Huruf,Huruf jar (preposisi),1445,وَهُوَ عَلَىٰ كُلِّ شَيْءٍ قَدِيرٌ,Dan Dia Mahakuasa atas segala sesuatu,And He is over all things competent,Al-Baqarah,6:44,Sudah
65,لَا,Lā,Tidak / Jangan,No / Not / Do not,Huruf,Huruf nafi atau huruf nahi,1364,لَآ إِكْرَاهَ فِى ٱلدِّينِ ۖ قَد تَّبَيَّنَ ٱلرُّشْدُ مِنَ ٱلْغَىِّ,"Tidak ada paksaan dalam (menganut) agama (Islam), sesungguhnya telah jelas (perbedaan) antara jalan yang benar dengan jalan yang sesat",There shall be no compulsion in [acceptance of] the religion. The right course has become clear from the wrong,Al-Baqarah,6:16,Sudah
66,إِلَى,Ilā,Kepada / Ke,To / Toward,Huruf,Huruf jar (preposisi),742,وَإِلَىٰ رَبِّكَ فَٱرْغَب,Dan hanya kepada Tuhanmulah engkau berharap,And to your Lord direct [your] longing,Al-Insyirah,94:8,Sudah
67,إِلَّا,Illā,Kecuali / Hanya,Except / Only,Huruf,Huruf istitsna' (pengecualian),558,وَمَا خَلَقْتُ ٱلْجِنَّ وَٱلْإِنسَ إِلَّا لِيَعْبُدُونِ,Aku tidak menciptakan jin dan manusia melainkan agar mereka beribadah kepada-Ku,And I did not create the jinn and mankind except to worship Me,Adh-Dhariyat,51:56:00,Sudah
68,عَن,An,Dari / Tentang,About / From / Away from,Huruf,Huruf jar (preposisi),465,وَسَوْفَ يُسْـَٔلُ عَن ذَٰلِكَ سُؤَلًا,Dan kelak dia pasti akan ditanya tentang hal itu,And he is going to be questioned about that,Al-Isra',17:36,Sudah
69,ثُمَّ,Tsumma,Kemudian / Lalu,Then / Thereafter,Huruf,Huruf athaf (kata penghubung) yang menunjukkan tartib dan tarakhi,338,ثُمَّ إِلَيْنَا مَرْجِعُكُمْ فَنُنَبِّئُكُم بِمَا كُنتُمْ تَعْمَلُونَ,"Kemudian hanya kepada Kami kamu dikembalikan, lalu Kami beritahukan kepadamu apa yang telah kamu kerjakan","Then to Us is your return, and We will inform you of what you used to do",Yunus,10:23,Sudah
70,قَدْ,Qad,Sungguh / Telah,Indeed / Already,Huruf,Huruf tahqiq (jika masuk fi'il madhi) atau taqrib (jika masuk fi'il mudhari'),406,قَدْ أَفْلَحَ ٱلْمُؤْمِنُونَ,Sungguh beruntung orang-orang yang beriman,Certainly will the believers have succeeded,Al-Mu'minun,23:1,Sudah
71,لَمْ,Lam,Tidak (meniadakan fi'il mudhari'),Did not / Have not,Huruf,Huruf nafi (menafikan dan mengubah fi'il mudhari' ke makna madhi),353,لَمْ يَلِدْ وَلَمْ يُولَدْ,Dia tidak beranak dan tidak pula diperanakkan,He neither begets nor is born,Al-Ikhlas,112:3,Sudah
72,إِذَا,Idzā,Apabila / Ketika,When / If,Huruf,Huruf syarat (zharaf zaman dengan makna syarat),405,إِذَا جَآءَ نَصْرُ ٱللَّهِ وَٱلْفَتْحُ,Apabila telah datang pertolongan Allah dan kemenangan,When the victory of Allah has come and the conquest,An-Nashr,110:1,Sudah
73,حَتَّى,Hattā,Hingga / Sehingga / Sampai,Until / So that,Huruf,Huruf jar (preposisi) atau huruf athaf,95,وَكُلُوا۟ وَٱشْرَبُوا۟ حَتَّىٰ يَتَبَيَّنَ لَكُمُ ٱلْخَيْطُ ٱلْأَبْيَضُ مِنَ ٱلْخَيْطِ ٱلْأَسْوَدِ مِنَ ٱلْفَجْرِ,"Dan makan serta minumlah hingga jelas bagimu (perbedaan) antara benang putih dan benang hitam, yaitu fajar",And eat and drink until the white thread of dawn becomes distinct to you from the black thread [of night],Al-Baqarah,5:07,Sudah
74,أَوْ,Aw,Atau,Or,Huruf,Huruf athaf (kata penghubung) yang menunjukkan pilihan (takhyir) atau keraguan (syak),280,وَمَا كَانَ لِبَشَرٍ أَن يُكَلِّمَهُ ٱللَّهُ إِلَّا وَحْيًا أَوْ مِن وَرَآئِ حِجَابٍ,Dan tidak ada bagi seorang manusia pun bahwa Allah berkata-kata dengan dia kecuali dengan perantaraan wahyu atau di belakang tabir,And it is not for any human being that Allah should speak to him except by revelation or from behind a partition,As-Syura,42:51:00,Sudah
75,بَيْنَ,Bayna,Antara / Di antara,Between / Among,Huruf,"Zharaf makan (adverb tempat), dapat dijadikan mudhaf",243,وَجَعَلْنَا بَيْنَهُمْ وَبَيْنَ ٱلْقُرَى ٱلَّتِى بَٰرَكْنَا فِيهَا قُرًى ظَٰهِرَةً,Dan Kami jadikan antara mereka dan antara negeri-negeri yang Kami berkahi (yaitu negeri Syam) beberapa negeri yang berdekatan,And We placed between them and the cities which We had blessed [many] visible cities,Saba',34:18:00,Sudah
76,ذَٰلِكَ,Dzālika,Itu / Tersebut,That,Isim,Isim isyarah (kata tunjuk jauh) untuk mudzakkar,520,ذَٰلِكَ ٱلْكِتَٰبُ لَا رَيْبَ ۛ فِيهِ ۛ هُدًى لِّلْمُتَّقِينَ,Kitab (Al-Qur'an) ini tidak ada keraguan di dalamnya; petunjuk bagi mereka yang bertakwa,"This is the Book about which there is no doubt, a guidance for those conscious of Allah",Al-Baqarah,2:2,Sudah
77,هَٰذَا,Hādzā,Ini,This,Isim,Isim isyarah (kata tunjuk dekat) untuk mudzakkar,317,قُلْ هُوَ ٱللَّهُ أَحَدٌ,"Katakanlah (Muhammad), 'Dialah Allah, Yang Maha Esa'","Say, 'He is Allah, [who is] One'",Al-Ikhlas,112:1,Sudah
78,ٱلَّذِي,Alladhī,Yang (untuk mudzakkar mufrad),Who / Which / That,Isim,Isim maushul (kata penghubung/pengganti) untuk mudzakkar mufrad,1442,ٱلْحَمْدُ لِلَّهِ ٱلَّذِى خَلَقَ ٱلسَّمَٰوَٰتِ وَٱلْأَرْضَ,Segala puji bagi Allah yang telah menciptakan langit dan bumi,"Praise be to Allah, who created the heavens and earth",Al-An'am,6:1,Sudah
79,قَبْلُ,Qablu,Sebelum,Before,Isim,Isim zharaf zaman/makan (zharf),197,وَلَقَدْ كَتَبْنَا فِى ٱلزَّبُورِ مِنۢ بَعْدِ ٱلذِّكْرِ أَنَّ ٱلْأَرْضَ يَرِثُهَا عِبَادِىَ ٱلصَّٰلِحُونَ,"Dan sungguh telah Kami tulis di dalam Zabur setelah (tertulis di dalam) Lauh Mahfuzh, bahwa bumi ini akan diwarisi oleh hamba-hamba-Ku yang saleh",And We have already written in the book [of Psalms] after the [previous] mention that the land [of Paradise] is inherited by My righteous servants,Al-Anbiya',22:45,Sudah
80,عِنْدَ,Inda,Di sisi / Pada,At / Near / With,Isim,"Zharaf makan (adverb tempat), selalu mudhaf",160,وَمَا عِندَ ٱللَّهِ خَيْرٌ وَأَبْقَىٰ,Dan apa yang ada di sisi Allah lebih baik dan lebih kekal,But what is with Allah is better and more lasting,Al-Qashash,29:00:00,Sudah
81,مَعَ,Ma'a,Bersama / Dengan,With / Together with,Isim,"Zharaf makan, selalu mudhaf",159,إِنَّ ٱللَّهَ مَعَ ٱلصَّٰبِرِينَ,Sesungguhnya Allah bersama orang-orang yang sabar,"Indeed, Allah is with the patient",Al-Baqarah,4:33,Sudah
82,أَيُّهَا,Ayyuhā,Wahai (seruan),O [you] / O [you all],Isim,"Isim nida' (seruan), selalu digunakan setelah ya nida'",153,يَٰٓأَيُّهَا ٱلنَّاسُ ٱتَّقُوا۟ رَبَّكُمُ ٱلَّذِى خَلَقَكُم مِّن نَّفْسٍ وَٰحِدَةٍ,Wahai manusia! Bertakwalah kepada Tuhanmu yang telah menciptakanmu dari diri yang satu (Adam),"O mankind, fear your Lord, who created you from one soul",An-Nisa',4:1,Sudah
83,صَالِحٌ,Shālih,Saleh / Baik,Righteous / Good,Isim,Isim fa'il dari fi'il shaluha,95,وَٱلَّذِينَ ءَامَنُوا۟ وَعَمِلُوا۟ ٱلصَّٰلِحَٰتِ أُو۟لَٰٓئِكَ أَصْحَٰبُ ٱلْجَنَّةِ ۖ هُمْ فِيهَا خَٰلِدُونَ,"Dan orang-orang yang beriman serta mengerjakan kebajikan, mereka itu penghuni surga. Mereka kekal di dalamnya",But those who believed and did righteous deeds - those are the companions of Paradise; they will abide therein eternally,Al-Baqarah,3:22,Sudah
84,حَيَاةٌ,Hayāh,Kehidupan,Life,Isim,"Isim masdar, muannats",76,وَمَا ٱلْحَيَوٰةُ ٱلدُّنْيَآ إِلَّا مَتَٰعُ ٱلْغُرُورِ,Dan kehidupan dunia itu tidak lain hanyalah kesenangan yang memperdaya,And what is the worldly life except the enjoyment of delusion,Ali 'Imran,6:05,Sudah
85,مَوْتٌ,Mawt,Kematian,Death,Isim,"Isim masdar, mudzakkar",65,كُلُّ نَفْسٍ ذَآئِقَةُ ٱلْمَوْتِ ۗ وَنَبْلُوكُم بِٱلشَّرِّ وَٱلْخَيْرِ فِتْنَةً ۖ وَإِلَيْنَا تُرْجَعُونَ,Setiap yang bernyawa akan merasakan mati. Kami akan menguji kamu dengan keburukan dan kebaikan sebagai cobaan. Dan kamu akan dikembalikan hanya kepada Kami,Every soul will taste death. And We test you with evil and with good as trial; and to Us you will be returned,Al-Anbiya',21:35,Sudah
86,نَبِيٌّ,Nabiyy,Nabi,Prophet,Isim,"Isim jamid / isim musytaq (khilaf), mudzakkar",75,مَّا كَانَ مُحَمَّدٌ أَبَآ أَحَدٍ مِّن رِّجَالِكُمْ وَلَٰكِن رَّسُولَ ٱللَّهِ وَخَاتَمَ ٱلنَّبِيِّۦنَ,"Muhammad bukanlah ayah dari seseorang di antara kamu, tetapi dia adalah utusan Allah dan penutup para nabi","Muhammad is not the father of [any] one of your men, but [he is] the Messenger of Allah and last of the prophets",Al-Ahzab,33:40:00,Sudah
87,قَلِيلٌ,Qalīl,Sedikit,Little / Few,Isim,Isim sifat musyabbahah,69,قُلْ مَتَٰعُ ٱلدُّنْيَا قَلِيلٌ وَٱلْءَاخِرَةُ خَيْرٌ لِّمَنِ ٱتَّقَىٰ,"Katakanlah, 'Kesenangan dunia itu sedikit, dan akhirat itu lebih baik bagi orang yang bertakwa'","Say, 'The enjoyment of this world is little, and the Hereafter is better for he who fears Allah'",An-Nisa',5:17,Sudah
88,كَبِيرٌ,Kabīr,Besar / Agung,Great / Big,Isim,Isim sifat musyabbahah,66,إِنَّ ٱللَّهَ كَانَ عَلِيًّا كَبِيرًا,"Sesungguhnya Allah Maha Tinggi, Maha Besar","Indeed, Allah is ever Exalted and Grand",An-Nisa',4:34,Sudah
89,رَحْمَٰنٌ,Rahmān,Maha Pengasih,Most Gracious / Entirely Merciful,Isim,"Isim sifat (sighah mubalaghah), mudzakkar",57,بِسْمِ ٱللَّهِ ٱلرَّحْمَٰنِ ٱلرَّحِيمِ,"Dengan nama Allah Yang Maha Pengasih, Maha Penyayang","In the name of Allah, the Entirely Merciful, the Especially Merciful",Al-Fatihah,1:1,Sudah
90,صَبَرَ,Shabara,Bersabar,He was patient,Fi'il,"Fi'il madhi mujarrad, wazan fa'ala",91,وَٱصْبِرْ وَمَا صَبْرُكَ إِلَّا بِٱللَّهِ ۚ وَلَا تَحْزَنْ عَلَيْهِمْ وَلَا تَكُ فِى ضَيْقٍ مِّمَّا يَمْكُرُونَ,"Dan bersabarlah (Muhammad) dan kesabaranmu itu semata-mata karena Allah, dan janganlah engkau bersedih hati terhadap (kekafiran) mereka, dan jangan (pula) bersempit dada terhadap tipu daya mereka","And be patient, [O Muhammad], and your patience is not but through Allah. And do not grieve over them and do not be in distress over what they conspire",An-Nahl,18:07,Sudah
91,آيَاتٌ,Āyāt,Ayat-ayat / Tanda-tanda,Signs / Verses,Isim,Isim jamak muannats salim dari ءَايَة,178,إِنَّ فِى خَلْقِ ٱلسَّمَٰوَٰتِ وَٱلْأَرْضِ وَٱخْتِلَٰفِ ٱلَّيْلِ وَٱلنَّهَارِ لَءَايَٰتٍ لِّأُو۟لِى ٱلْأَلْبَٰبِ,"Sesungguhnya dalam penciptaan langit dan bumi, dan pergantian malam dan siang terdapat tanda-tanda (kebesaran Allah) bagi orang yang berakal","Indeed, in the creation of the heavens and the earth and the alternation of the night and the day are signs for those of understanding",Ali 'Imran,6:10,Sudah
92,أَحَدٌ,Ahad,Satu / Esa,One,Isim,"Isim 'adad (bilangan), mudzakkar",80,قُلْ هُوَ ٱللَّهُ أَحَدٌ,"Katakanlah (Muhammad), 'Dialah Allah, Yang Maha Esa'","Say, 'He is Allah, [who is] One'",Al-Ikhlas,112:1,Sudah
93,نَهَارٌ,Nahār,Siang / Hari,Day / Daytime,Isim,"Isim jamid, mudzakkar",56,وَجَعَلْنَا ٱلنَّهَارَ مَعَاشًا,Dan Kami jadikan siang untuk mencari penghidupan,And made the day for livelihood,An-Naba',78:11:00,Sudah
94,وَجْهٌ,Wajh,Wajah / Dzat,Face / Countenance,Isim,"Isim jamid, mudzakkar",72,كُلُّ شَيْءٍ هَالِكٌ إِلَّا وَجْهَهُۥ ۚ لَهُ ٱلْحُكْمُ وَإِلَيْهِ تُرْجَعُونَ,"Segala sesuatu pasti binasa, kecuali Allah. Segala keputusan menjadi hak-Nya, dan hanya kepada-Nya kamu dikembalikan","Everything will be destroyed except His Face. His is the judgment, and to Him you will be returned",Al-Qashash,29:28:00,Sudah
95,أُمَّةٌ,Ummah,Umat / Komunitas,Nation / Community,Isim,"Isim jamid, muannats",51,وَكَذَٰلِكَ جَعَلْنَٰكُمْ أُمَّةً وَسَطًا لِّتَكُونُوا۟ شُهَدَآءَ عَلَى ٱلنَّاسِ وَيَكُونَ ٱلرَّسُولُ عَلَيْكُمْ شَهِيدًا,Dan demikian pula Kami telah menjadikan kamu (umat Islam) umat pertengahan agar kamu menjadi saksi atas (perbuatan) manusia dan agar Rasul (Muhammad) menjadi saksi atas (perbuatan) kamu,And thus we have made you a just community that you will be witnesses over the people and the Messenger will be a witness over you,Al-Baqarah,4:23,Sudah
96,قُلُوبٌ,Qulūb,Hati-hati (jamak),Hearts,Isim,"Isim jamak taksir dari قَلْب, mudzakkar",89,أَفَلَا يَتَدَبَّرُونَ ٱلْقُرْءَانَ أَمْ عَلَىٰ قُلُوبٍ أَقْفَالُهَآ,"Maka tidakkah mereka menghayati Al-Qur'an, ataukah hati mereka sudah terkunci?","Then do they not reflect upon the Qur'an, or are there locks upon [their] hearts?",Muhammad,47:24:00,Sudah
97,بَصِيرٌ,Bashīr,Maha Melihat,All-Seeing,Isim,"Isim sifat musyabbahah (sighah mubalaghah), mudzakkar",42,إِنَّ ٱللَّهَ بِمَا تَعْمَلُونَ بَصِيرٌ,Sesungguhnya Allah Maha Melihat apa yang kamu kerjakan,"Indeed, Allah is Seeing of what you do",Al-Baqarah,3:50,Sudah
98,سَمِيعٌ,Samī',Maha Mendengar,All-Hearing,Isim,"Isim sifat musyabbahah (sighah mubalaghah), mudzakkar",42,إِنَّ ٱللَّهَ سَمِيعٌ عَلِيمٌ,"Sesungguhnya Allah Maha Mendengar, Maha Mengetahui","Indeed, Allah is Hearing and Knowing",Al-Baqarah,5:47,Sudah
99,عَزِيزٌ,Azīz,Maha Perkasa,Almighty / Exalted in Might,Isim,"Isim sifat musyabbahah, mudzakkar",92,وَٱعْلَمُوٓا۟ أَنَّ ٱللَّهَ عَزِيزٌ حَكِيمٌ,"Dan ketahuilah bahwa Allah Mahaperkasa, Mahabijaksana",And know that Allah is Exalted in Might and Wise,Al-Baqarah,5:29,Sudah
100,تَوْبَةٌ,Tawbah,Taubat / Kembali,Repentance / Return,Isim,"Isim masdar dari فعل تَابَ, muannats",68,وَتُوبُوٓا۟ إِلَى ٱللَّهِ جَمِيعًا أَيُّهَ ٱلْمُؤْمِنُونَ لَعَلَّكُمْ تُفْلِحُونَ,"Dan bertobatlah kamu semua kepada Allah, wahai orang-orang yang beriman, agar kamu beruntung","And turn to Allah in repentance, all of you, O believers, that you might succeed",An-Nur,24:31:00,Sudah
101,فِتْنَةٌ,Fitnah,Fitnah / Ujian / Cobaan,Trial / Temptation / Discord,Isim,"Isim masdar, muannats",60,وَٱتَّقُوا۟ فِتْنَةً لَّا تُصِيبَنَّ ٱلَّذِينَ ظَلَمُوا۟ مِنكُمْ خَآصَّةً,Dan takutlah pada fitnah (bencana dan siksaan) yang tidak hanya menimpa orang-orang yang zalim saja di antara kamu,And fear a trial which will not strike those who have wronged among you exclusively,Al-Anfal,8:25,Sudah
102,حِسَابٌ,Hisāb,Hisab / Perhitungan,Account / Reckoning,Isim,"Isim masdar, mudzakkar",72,وَكَفَىٰ بِنَا حَٰسِبِينَ,Dan cukuplah Kami yang membuat perhitungan,And sufficient are We as accountant,Al-Anbiya',21:47,Sudah
103,رِزْقٌ,Rizq,Rezeki,Provision / Sustenance,Isim,"Isim masdar, mudzakkar",74,وَفِى ٱلسَّمَآءِ رِزْقُكُمْ وَمَا تُوعَدُونَ,Dan di langit terdapat (sebab-sebab) rezekim dan apa yang dijanjikan kepadamu,And in the heaven is your provision and whatever you are promised,Adh-Dhariyat,51:22:00,Sudah
104,حُكْمٌ,Hukm,Hukum / Keputusan,Judgment / Rule,Isim,"Isim masdar, mudzakkar",72,إِنِ ٱلْحُكْمُ إِلَّا لِلَّهِ ۖ يَقُصُّ ٱلْحَقَّ ۖ وَهُوَ خَيْرُ ٱلْفَٰصِلِينَ,Keputusan itu hanyalah kepunyaan Allah; Dia menerangkan yang sebenarnya dan Dia Pemberi keputusan yang terbaik,"The decision is only for Allah; He relates the truth, and He is the best of deciders",Al-An'am,6:57,Sudah
105,مُلْكٌ,Mulk,Kerajaan / Kekuasaan,Kingdom / Sovereignty,Isim,"Isim masdar, mudzakkar",53,تَبَارَكَ ٱلَّذِى بِيَدِهِ ٱلْمُلْكُ وَهُوَ عَلَىٰ كُلِّ شَيْءٍ قَدِيرٌ,"Mahasuci Allah yang menguasai (segala) kerajaan, dan Dia Mahakuasa atas segala sesuatu","Blessed is He in whose hand is dominion, and He is over all things competent",Al-Mulk,67:1,Sudah
106,نِعْمَةٌ,Ni'mah,Nikmat / Karunia,Blessing / Favor,Isim,"Isim masdar, muannats",85,وَإِن تَعُدُّوا۟ نِعْمَةَ ٱللَّهِ لَا تُحْصُوهَآ ۗ إِنَّ ٱللَّهَ لَغَفُورٌ رَّحِيمٌ,"Dan jika kamu menghitung nikmat Allah, niscaya kamu tidak akan mampu menghitungnya. Sungguh, Allah benar-benar Maha Pengampun, Maha Penyayang","And if you should count the favors of Allah, you could not enumerate them. Indeed, Allah is Forgiving and Merciful",An-Nahl,16:18,Sudah
107,عَمَلٌ,Amal,Amal / Perbuatan,Deed / Work,Isim,"Isim masdar, mudzakkar",73,وَقُلِ ٱعْمَلُوا۟ فَسَيَرَى ٱللَّهُ عَمَلَكُمْ وَرَسُولُهُۥ وَٱلْمُؤْمِنُونَ,"Dan katakanlah, 'Bekerjalah kamu, maka Allah akan melihat pekerjaanmu, begitu juga Rasul-Nya dan orang-orang mukmin'","And say, 'Do [as you will], for Allah will see your deeds, and [so will] His Messenger and the believers'",At-Tawbah,10:45,Sudah
108,خَوْفٌ,Khawf,Rasa takut / Ketakutan,Fear,Isim,"Isim masdar, mudzakkar",61,أَلَآ إِنَّ أَوْلِيَآءَ ٱللَّهِ لَا خَوْفٌ عَلَيْهِمْ وَلَا هُمْ يَحْزَنُونَ,"Ingatlah, sesungguhnya wali-wali Allah itu tidak ada rasa takut pada mereka dan mereka tidak bersedih hati","Unquestionably, [for] the allies of Allah there will be no fear concerning them, nor will they grieve",Yunus,11:02,Sudah
109,حُزْنٌ,Huzn,Kesedihan,Grief / Sorrow,Isim,"Isim masdar, mudzakkar",38,وَلَا تَهِنُوا۟ وَلَا تَحْزَنُوا۟ وَأَنتُمُ ٱلْأَعْلَوْنَ إِن كُنتُم مُّؤْمِنِينَ,"Dan janganlah kamu (merasa) lemah, dan jangan (pula) bersedih hati, padahal kamu adalah orang-orang yang paling tinggi (derajatnya), jika kamu orang-orang yang beriman","So do not weaken and do not grieve, and you will be superior if you are [true] believers",Ali 'Imran,5:19,Sudah
110,صِرَاطٌ,Shirāth,Jalan / Jalan lurus,Path / Straight way,Isim,"Isim jamid, mudzakkar",45,ٱهْدِنَا ٱلصِّرَٰطَ ٱلْمُسْتَقِيمَ,Tunjukilah kami jalan yang lurus,Guide us to the straight path,Al-Fatihah,1:6,Sudah
111,دُعَاءٌ,Du'ā',Doa / Seruan,Prayer / Supplication,Isim,"Isim masdar dari فعل دَعَا, mudzakkar",24,وَقَالَ رَبُّكُمُ ٱدْعُونِىٓ أَسْتَجِبْ لَكُمْ,"Dan Tuhanmu berfirman, 'Berdoalah kepada-Ku, niscaya akan Aku perkenankan bagimu'","And your Lord says, 'Call upon Me; I will respond to you'",Ghafir,41:00:00,Sudah
112,ظُلْمٌ,Zhulm,Kezaliman,Wrongdoing / Injustice,Isim,"Isim masdar, mudzakkar",43,وَمَن يَتَعَدَّ حُدُودَ ٱللَّهِ فَأُو۟لَٰٓئِكَ هُمُ ٱلظَّٰلِمُونَ,"Dan barang siapa melanggar batas-batas hukum Allah, mereka itulah orang-orang yang zalim",And whoever transgresses the limits of Allah - it is those who are the wrongdoers,Al-Baqarah,5:49,Sudah
113,شُكْرٌ,Shukr,Syukur,Gratitude / Thankfulness,Isim,"Isim masdar, mudzakkar",36,لَئِن شَكَرْتُمْ لَأَزِيدَنَّكُمْ ۖ وَلَئِن كَفَرْتُمْ إِنَّ عَذَابِى لَشَدِيدٌ,"Sesungguhnya jika kamu bersyukur, pasti Kami akan menambah (nikmat) kepadamu, dan jika kamu mengingkari (nikmat-Ku), sesungguhnya azab-Ku sangat berat","If you are grateful, I will surely increase you [in favor]; but if you deny, indeed, My punishment is severe",Ibrahim,14:7,Sudah
114,إِيمَانٌ,Īmān,Iman / Kepercayaan,Faith / Belief,Isim,"Isim masdar dari fi'il آمَنَ, mudzakkar",45,يَٰٓأَيُّهَا ٱلَّذِينَ ءَامَنُوٓا۟ ءَامِنُوا۟ بِٱللَّهِ وَرَسُولِهِۦ وَٱلْكِتَٰبِ ٱلَّذِى نَزَّلَ عَلَىٰ رَسُولِهِۦ,Wahai orang-orang yang beriman! Tetaplah beriman kepada Allah dan Rasul-Nya (Muhammad) dan kepada kitab yang diturunkan kepada Rasul-Nya,"O you who have believed, believe in Allah and His Messenger and the Book that He sent down upon His Messenger",An-Nisa',6:16,Sudah
115,كَلِمَةٌ,Kalimah,Kata / Kalimat,Word,Isim,"Isim jamid, muannats",45,أَلَمْ تَرَ كَيْفَ ضَرَبَ ٱللَّهُ مَثَلًا كَلِمَةً طَيِّبَةً كَشَجَرَةٍ طَيِّبَةٍ أَصْلُهَا ثَابِتٌ وَفَرْعُهَا فِى ٱلسَّمَآءِ,"Tidakkah kamu memperhatikan bagaimana Allah telah membuat perumpamaan kalimat yang baik seperti pohon yang baik, akarnya kuat dan cabangnya (menjulang) ke langit","Have you not considered how Allah presents an example of a good word like a good tree, whose root is firmly fixed and its branches [high] in the sky",Ibrahim,14:24,Sudah
116,أَجَلٌ,Ajal,Ajal / Batas waktu,Term / Appointed time,Isim,"Isim jamid, mudzakkar",58,وَلِكُلِّ أُمَّةٍ أَجَلٌ ۖ فَإِذَا جَآءَ أَجَلُهُمْ لَا يَسْتَأْخِرُونَ سَاعَةً وَلَا يَسْتَقْدِمُونَ,"Dan setiap umat mempunyai ajal (batas waktu); apabila ajalnya tiba, mereka tidak dapat meminta penundaan atau percepatan sesaat pun","And for every nation is a [specified] term. So when their time has come, they will not remain behind an hour, nor will they precede [it]",Al-A'raf,7:34,Sudah
117,سَلَامٌ,Salām,Keselamatan / Salam,Peace / Greeting,Isim,"Isim masdar, mudzakkar",42,سَلَٰمٌ قَوْلًا مِّن رَّبٍّ رَّحِيمٍ,"(kepada mereka diucapkan) 'Salam', sebagai ucapan selamat dari Tuhan Yang Maha Penyayang","Peace,' a word from a Merciful Lord",Yasin,36:58:00,Sudah
118,أَرْوَاحٌ,Arwāh,Ruh-ruh (jamak),Souls / Spirits,Isim,"Isim jamak taksir dari رُوحٌ, mudzakkar",22,وَيَسْـَٔلُونَكَ عَنِ ٱلرُّوحِ ۖ قُلِ ٱلرُّوحُ مِنْ أَمْرِ رَبِّى وَمَآ أُوتِيتُم مِّنَ ٱلْعِلْمِ إِلَّا قَلِيلًا,"Dan mereka bertanya kepadamu (Muhammad) tentang roh. Katakanlah, 'Roh itu termasuk urusan Tuhanku, sedangkan kamu hanya diberi pengetahuan sedikit'","And they ask you, [O Muhammad], about the soul. Say, 'The soul is of the affair of my Lord. And mankind have not been given of knowledge except a little'",Al-Isra',18:25,Sudah
119,مَغْفِرَةٌ,Maghfirah,Ampunan,Forgiveness / Pardon,Isim,"Isim masdar mim dari fi'il ghafara, muannats",72,وَسَارِعُوٓا۟ إِلَىٰ مَغْفِرَةٍ مِّن رَّبِّكُمْ وَجَنَّةٍ عَرْضُهَا ٱلسَّمَٰوَٰتُ وَٱلْأَرْضُ,Dan bersegeralah kamu mencari ampunan dari Tuhanmu dan mendapatkan surga yang luasnya seluas langit dan bumi,And hasten to forgiveness from your Lord and a garden as wide as the heavens and earth,Ali 'Imran,5:13,Sudah
120,صَبْرٌ,Shabr,Kesabaran,Patience / Perseverance,Isim,"Isim masdar, mudzakkar",53,وَٱسْتَعِينُوا۟ بِٱلصَّبْرِ وَٱلصَّلَوٰةِ ۚ وَإِنَّهَا لَكَبِيرَةٌ إِلَّا عَلَى ٱلْخَٰشِعِينَ,"Dan mohonlah pertolongan (kepada Allah) dengan sabar dan salat. Dan (salat) itu sungguh berat, kecuali bagi orang-orang yang khusyuk","And seek help through patience and prayer, and indeed, it is difficult except for the humbly submissive [to Allah]",Al-Baqarah,2:45,Sudah
121,أَخٌ,Akh,Saudara (laki-laki),Brother,Isim,"Isim jamid, mudzakkar, min al-asma' al-khamsah",22,إِنَّمَا ٱلْمُؤْمِنُونَ إِخْوَةٌ فَأَصْلِحُوا۟ بَيْنَ أَخَوَيْكُمْ,"Sesungguhnya orang-orang mukmin itu bersaudara, karena itu damaikanlah antara kedua saudaramu","The believers are but brothers, so make settlement between your brothers",Al-Hujurat,49:10:00,Sudah
122,وَلَدٌ,Walad,Anak,Child / Son,Isim,"Isim jamid, mudzakkar",83,قُلْ هُوَ ٱللَّهُ أَحَدٌ ۝ ٱللَّهُ ٱلصَّمَدُ ۝ لَمْ يَلِدْ وَلَمْ يُولَدْ,"Katakanlah, 'Dialah Allah, Yang Maha Esa. Allah tempat meminta segala sesuatu. Dia tidak beranak dan tidak pula diperanakkan'","Say, 'He is Allah, [who is] One, Allah, the Eternal Refuge. He neither begets nor is born'",Al-Ikhlas,112:1-3,Sudah
123,أَبٌ,Ab,Ayah / Bapak,Father,Isim,"Isim jamid, mudzakkar, min al-asma' al-khamsah",117,وَإِذْ قَالَ إِبْرَٰهِيمُ لِأَبِيهِ وَقَوْمِهِۦٓ إِنَّنِى بَرَآءٌ مِّمَّا تَعْبُدُونَ,"Dan (ingatlah) ketika Ibrahim berkata kepada ayahnya dan kaumnya, 'Sesungguhnya aku berlepas diri dari apa yang kamu sembah'","And [mention] when Abraham said to his father and his people, 'Indeed, I am disassociated from that which you worship'",Az-Zukhruf,43:26:00,Sudah
124,أُمٌّ,Umm,Ibu,Mother,Isim,"Isim jamid, muannats",35,وَوَصَّيْنَا ٱلْإِنسَٰنَ بِوَٰلِدَيْهِ حَمَلَتْهُ أُمُّهُۥ وَهْنًا عَلَىٰ وَهْنٍ,Dan Kami perintahkan kepada manusia (agar berbuat baik) kepada kedua orang tuanya. Ibunya telah mengandungnya dalam keadaan lemah yang bertambah-tambah,"And We have enjoined upon man [care] for his parents. His mother carried him, [increasing her] in weakness upon weakness",Luqman,31:14:00,Sudah
125,طَرِيقٌ,Tharīq,Jalan / Cara,Road / Way,Isim,"Isim jamid, mudzakkar",30,وَأَن لَّوِ ٱسْتَقَٰمُوا۟ عَلَى ٱلطَّرِيقَةِ لَأَسْقَيْنَٰهُم مَّآءً غَدَقًا,"Dan bahwa jika mereka tetap berjalan lurus di atas jalan itu (Islam), Kami benar-benar akan memberi mereka minum air yang segar (rezeki yang banyak)","And [Allah revealed] that if they had remained straight on the way, We would have given them water in abundance",Al-Jinn,72:16:00,Sudah
126,أَمَرَ,Amara,Memerintah,He commanded / Ordered,Fi'il,"Fi'il madhi mujarrad, wazan fa'ala",166,إِنَّ ٱللَّهَ يَأْمُرُكُمْ أَن تُؤَدُّوا۟ ٱلْأَمَٰنَٰتِ إِلَىٰٓ أَهْلِهَا,Sesungguhnya Allah menyuruh kamu menyampaikan amanah kepada yang berhak menerimanya,"Indeed, Allah commands you to render trusts to whom they are due",An-Nisa',4:58,Sudah
127,نَهَى,Nahā,Melarang,He forbade / Prohibited,Fi'il,"Fi'il madhi mu'tal (naqish), wazan fa'ala",38,إِنَّ ٱللَّهَ يَأْمُرُ بِٱلْعَدْلِ وَٱلْإِحْسَٰنِ وَإِيتَآئِ ذِى ٱلْقُرْبَىٰ وَيَنْهَىٰ عَنِ ٱلْفَحْشَآءِ وَٱلْمُنكَرِ,"Sesungguhnya Allah menyuruh (kamu) berlaku adil dan berbuat kebajikan, memberi bantuan kepada kerabat, dan Dia melarang (melakukan) perbuatan keji, kemungkaran","Indeed, Allah orders justice and good conduct and giving to relatives and forbids immorality and bad conduct",An-Nahl,17:30,Sudah
128,رَزَقَ,Razaqa,Memberi rezeki,He provided / Gave provision,Fi'il,"Fi'il madhi mujarrad, wazan fa'ala",74,إِنَّ ٱللَّهَ هُوَ ٱلرَّزَّاقُ ذُو ٱلْقُوَّةِ ٱلْمَتِينُ,"Sesungguhnya Allah, Dialah Yang Maha Pemberi Rezeki Yang Mempunyai Kekuatan lagi Sangat Kokoh","Indeed, it is Allah who is the [continual] Provider, the firm possessor of strength",Adh-Dhariyat,51:58:00,Sudah
129,هَدَى,Hadā,Memberi petunjuk,He guided,Fi'il,"Fi'il madhi mu'tal (naqish), wazan fa'ala",149,ٱلْحَمْدُ لِلَّهِ ٱلَّذِى هَدَىٰنَا لِهَٰذَا وَمَا كُنَّا لِنَهْتَدِىَ لَوْلَآ أَنْ هَدَىٰنَا ٱللَّهُ,Segala puji bagi Allah yang telah memberi petunjuk kepada kami ke (surga) ini. Kami tidak akan mendapat petunjuk seandainya Allah tidak memberi kami petunjuk,"Praise to Allah, who has guided us to this; and we would never have been guided if Allah had not guided us",Al-A'raf,7:43,Sudah
130,أَحَبَّ,Ahabbā,Mencintai,He loved,Fi'il,"Fi'il madhi mazid (bab if'al), wazan af'ala",64,قُلْ إِن كُنتُمْ تُحِبُّونَ ٱللَّهَ فَٱتَّبِعُونِى يُحْبِبْكُمُ ٱللَّهُ وَيَغْفِرْ لَكُمْ ذُنُوبَكُمْ,"Katakanlah (Muhammad), 'Jika kamu mencintai Allah, ikutilah aku, niscaya Allah mencintaimu dan mengampuni dosa-dosamu'","Say, [O Muhammad], 'If you should love Allah, then follow me, [so] Allah will love you and forgive you your sins'",Ali 'Imran,3:31,Sudah
131,غَفَرَ,Ghafara,Mengampuni,He forgave,Fi'il,"Fi'il madhi mujarrad, wazan fa'ala",98,وَهُوَ ٱلَّذِى يَقْبَلُ ٱلتَّوْبَةَ عَنْ عِبَادِهِۦ وَيَعْفُوا۟ عَنِ ٱلسَّيِّـَٔاتِ وَيَعْلَمُ مَا تَفْعَلُونَ,Dan Dialah yang menerima tobat dari hamba-hamba-Nya dan memaafkan kesalahan-kesalahan dan mengetahui apa yang kamu kerjakan,"And it is He who accepts repentance from his servants and pardons misdeeds, and He knows what you do",As-Syura,42:25:00,Sudah
132,رَحِمَ,Rahima,Menyayangi / Merahmati,He had mercy,Fi'il,"Fi'il madhi mujarrad, wazan fa'ila",79,وَرَبُّكَ ٱلْغَفُورُ ذُو ٱلرَّحْمَةِ ۖ لَوْ يُؤَاخِذُهُم بِمَا كَسَبُوا۟ لَعَجَّلَ لَهُمُ ٱلْعَذَابَ,"Dan Tuhanmu Maha Pengampun, lagi mempunyai rahmat. Sekiranya Dia menghukum mereka karena perbuatan mereka, tentu Dia akan menyegerakan azab bagi mereka","And your Lord is the Forgiving, Full of Mercy. If He were to impose blame upon them for what they earned, He would have hastened for them the punishment",Al-Kahf,18:58,Sudah
133,فَعَلَ,Fa'ala,Melakukan / Berbuat,He did / He acted,Fi'il,"Fi'il madhi mujarrad, wazan fa'ala",109,وَٱللَّهُ يَعْلَمُ مَا تَفْعَلُونَ,Dan Allah Maha Mengetahui apa yang kamu kerjakan,And Allah is Knowing of what you do,Al-Baqarah,6:43,Sudah
134,أَعْطَى,A'thā,Memberi,He gave,Fi'il,"Fi'il madhi mazid (bab if'al), wazan af'ala",30,إِنَّآ أَعْطَيْنَٰكَ ٱلْكَوْثَرَ,Sesungguhnya Kami telah memberimu (Muhammad) nikmat yang banyak,"Indeed, We have granted you, [O Muhammad], al-Kawthar",Al-Kawthar,108:1,Sudah
135,وَجَدَ,Wajada,Menemukan / Mendapati,He found,Fi'il,"Fi'il madhi mujarrad, wazan fa'ala",107,أَلَمْ يَجِدْكَ يَتِيمًا فَـَٔاوَىٰ,"Bukankah Dia mendapatimu sebagai seorang yatim, lalu Dia melindungi(mu)?",Did He not find you an orphan and give [you] refuge?,Ad-Dhuha,93:6,Sudah
136,بَعَثَ,Ba'atsa,Membangkitkan / Mengutus,He sent / Resurrected,Fi'il,"Fi'il madhi mujarrad, wazan fa'ala",67,هُوَ ٱلَّذِى بَعَثَ فِى ٱلْأُمِّيِّۦنَ رَسُولًا مِّنْهُمْ يَتْلُوا۟ عَلَيْهِمْ ءَايَٰتِهِۦ,"Dialah yang mengutus seorang Rasul kepada kaum yang buta huruf dari kalangan mereka sendiri, yang membacakan kepada mereka ayat-ayat-Nya",It is He who has sent among the unlettered a Messenger from themselves reciting to them His verses,Al-Jumu'ah,62:2,Sudah
137,أَحْيَا,Ahyā,Menghidupkan,He gave life,Fi'il,"Fi'il madhi mazid (bab if'al) mu'tal, wazan af'ala",55,وَأَنَّهُۥ هُوَ أَمَاتَ وَأَحْيَا,Dan sesungguhnya Dialah yang mematikan dan menghidupkan,And that it is He who causes death and gives life,An-Najm,53:44:00,Sudah
138,نَسِيَ,Nasiya,Melupakan / Lupa,He forgot,Fi'il,"Fi'il madhi mujarrad mu'tal (naqish), wazan fa'ila",53,نَسُوا۟ ٱللَّهَ فَنَسِيَهُمْ ۗ إِنَّ ٱلْمُنَٰفِقِينَ هُمُ ٱلْفَٰسِقُونَ,"Mereka telah lupa kepada Allah, maka Allah melupakan mereka. Sesungguhnya orang-orang munafik itulah orang-orang yang fasik","They have forgotten Allah, so He has forgotten them. Indeed, the hypocrites - it is they who are the defiantly disobedient",At-Tawbah,10:07,Sudah
139,تَابَ,Tāba,Bertobat / Kembali,He repented / Returned,Fi'il,"Fi'il madhi mu'tal (ajwaf), wazan fa'ala",88,فَتَلَقَّىٰٓ ءَادَمُ مِن رَّبِّهِۦ كَلِمَٰتٍ فَتَابَ عَلَيْهِ ۚ إِنَّهُۥ هُوَ ٱلتَّوَّابُ ٱلرَّحِيمُ,"Kemudian Adam menerima beberapa kalimat dari Tuhannya, lalu Dia pun menerima tobatnya. Sungguh, Allah Maha Penerima tobat, Maha Penyayang","Then Adam received from his Lord [some] words, and He accepted his repentance. Indeed, it is He who is the Accepting of repentance, the Merciful",Al-Baqarah,2:37,Sudah
140,كَذَّبَ,Kadzdzaba,Mendustakan,He denied / Rejected,Fi'il,"Fi'il madhi mazid (bab taf'il), wazan fa'ala (mudha'af)",168,كَذَّبَتْ قَبْلَهُمْ قَوْمُ نُوحٍ وَٱلْأَحْزَابُ مِنۢ بَعْدِهِمْ,"Sebelum mereka, kaum Nuh dan golongan-golongan (yang bersekutu) setelah mereka, telah mendustakan (para rasul)","The people of Noah denied before them, and the [subsequent] factions after them",Ghafir,40:5,Sudah
141,بِ,Bi,Dengan / Di,With / By / In,Huruf,"Huruf jar (preposisi), menunjukkan ilshaq (kelekatan), isti'anah (sarana), atau dzharfiyah",3203,بِسْمِ ٱللَّهِ ٱلرَّحْمَٰنِ ٱلرَّحِيمِ,"Dengan nama Allah Yang Maha Pengasih, Maha Penyayang","In the name of Allah, the Entirely Merciful, the Especially Merciful",Al-Fatihah,1:1,Sudah
142,لِ,Li,Untuk / Kepunyaan,For / To / Belonging to,Huruf,"Huruf jar (preposisi), menunjukkan milk (kepemilikan) atau ta'lil (tujuan)",2262,لِلَّهِ مَا فِى ٱلسَّمَٰوَٰتِ وَمَا فِى ٱلْأَرْضِ,Milik Allah-lah apa yang ada di langit dan apa yang ada di bumi,To Allah belongs whatever is in the heavens and whatever is in the earth,Al-Baqarah,6:44,Sudah
143,وَ,Wa,Dan,And,Huruf,Huruf athaf (kata penghubung) menunjukkan musyarakah (kebersamaan),47439,وَأَقِيمُوا۟ ٱلصَّلَوٰةَ وَءَاتُوا۟ ٱلزَّكَوٰةَ وَٱرْكَعُوا۟ مَعَ ٱلرَّٰكِعِينَ,"Dan laksanakanlah salat, tunaikanlah zakat, dan rukuklah bersama orang-orang yang rukuk",And establish prayer and give zakah and bow with those who bow [in worship and obedience],Al-Baqarah,2:43,Sudah
144,فَ,Fa,Maka / Lalu,So / Then / And so,Huruf,"Huruf athaf menunjukkan tartib (urutan) dan ta'qib (berturut-turut), atau huruf jawab (jika dalam syarat)",7875,فَمَن يَعْمَلْ مِثْقَالَ ذَرَّةٍ خَيْرًا يَرَهُۥ ۝ وَمَن يَعْمَلْ مِثْقَالَ ذَرَّةٍ شَرًّا يَرَهُۥ,"Maka barang siapa mengerjakan kebaikan seberat zarrah, niscaya dia akan melihat (balasan)nya. Dan barang siapa mengerjakan kejahatan seberat zarrah, niscaya dia akan melihat (balasan)nya","So whoever does an atom's weight of good will see it, and whoever does an atom's weight of evil will see it",Az-Zalzalah,99:7-8,Sudah
145,كَ,Ka,Seperti,Like / As,Huruf,Huruf jar tasybbih (menyerupakan/membandingkan),1524,مَثَلُ ٱلَّذِينَ يُنفِقُونَ أَمْوَٰلَهُمْ فِى سَبِيلِ ٱللَّهِ كَمَثَلِ حَبَّةٍ أَنۢبَتَتْ سَبْعَ سَنَابِلَ,Perumpamaan orang yang menginfakkan hartanya di jalan Allah seperti sebutir biji yang menumbuhkan tujuh tangkai,The example of those who spend their wealth in the way of Allah is like a seed [of grain] which grows seven spikes,Al-Baqarah,6:21,Sudah
146,هَلْ,Hal,Apakah (tanya),Is / Are / Have,Huruf,Huruf istifham (pertanyaan) yang mengharapkan jawaban ya atau tidak,93,هَلْ أَتَىٰكَ حَدِيثُ ٱلْغَٰشِيَةِ,Sudahkah sampai kepadamu berita tentang hari pembalasan?,Has there reached you the report of the Overwhelming [event]?,Al-Ghasyiyah,88:1,Sudah
147,لَوْ,Law,Seandainya / Jika,If / If only,Huruf,Huruf syarat untuk yang mustahil (amtina') atau sering disebut syarthiyyah ghayr jazimah,184,لَوْ كَانَ فِيهِمَآ ءَالِهَةٌ إِلَّا ٱللَّهُ لَفَسَدَتَا,"Seandainya pada keduanya (langit dan bumi) ada tuhan-tuhan selain Allah, tentu keduanya telah binasa","Had there been within them gods besides Allah, they both would have been ruined",Al-Anbiya',21:22,Sudah
148,أَمْ,Am,Atau / Ataukah,Or,Huruf,"Huruf athaf untuk 'itidal (penyeimbang) setelah hamzah istifham, atau munqathi'ah (terputus/bermakna 'bahkan')",137,ءَأَنتُمْ أَشَدُّ خَلْقًا أَمِ ٱلسَّمَآءُ ۚ بَنَىٰهَا,Apakah kamu yang lebih sulit diciptakan ataukah langit yang telah dibangun-Nya?,Are you a more difficult creation or is the heaven? Allah constructed it,An-Nazi'at,79:27:00,Sudah
149,بَلْ,Bal,Bahkan / Tetapi,Rather / But / On the contrary,Huruf,Huruf idhrab (sanggahan) atau athaf (pembelokan),122,بَلْ هُوَ قُرْءَانٌ مَّجِيدٌ,Bahkan ia adalah Al-Qur'an yang mulia,But this is an honored Qur'an,Al-Buruj,85:21:00,Sudah
150,كَرِيمٌ,Karīm,Mulia / Maha Mulia,Noble / Generous,Isim,"Isim sifat musyabbahah, mudzakkar",42,إِنَّهُۥ لَقُرْءَانٌ كَرِيمٌ,Sesungguhnya Al-Qur'an ini adalah bacaan yang mulia,"Indeed, it is a noble Qur'an",Al-Waqi'ah,57:17:00,Sudah
151,قَرِيبٌ,Qarīb,Dekat,Near / Close,Isim,"Isim sifat musyabbahah, mudzakkar",36,وَإِذَا سَأَلَكَ عِبَادِى عَنِّى فَإِنِّى قَرِيبٌ,"Dan apabila hamba-hamba-Ku bertanya kepadamu (Muhammad) tentang Aku, maka sesungguhnya Aku dekat",And when My servants ask you [O Muhammad] concerning Me - indeed I am near,Al-Baqarah,5:06,Sudah
152,شَدِيدٌ,Syadīd,Keras / Sangat,Severe / Intense,Isim,"Isim sifat musyabbahah, mudzakkar",64,إِنَّ رَبَّكَ لَشَدِيدُ ٱلْعِقَابِ,Sesungguhnya Tuhanmu benar-benar keras siksaan-Nya,"Indeed, your Lord is severe in penalty",Al-An'am,8:45,Sudah
153,مُسْتَقِيمٌ,Mustaqīm,Lurus / Tegak,Straight / Right,Isim,Isim fa'il dari fi'il istaqāma (bab istif'al),36,وَأَنَّ هَٰذَا صِرَٰطِى مُسْتَقِيمًا فَٱتَّبِعُوهُ,"Dan sungguh, inilah jalan-Ku yang lurus, maka ikutilah!","And, [moreover], this is My path, which is straight, so follow it",Al-An'am,8:33,Sudah
154,غَفُورٌ,Ghafūr,Maha Pengampun,Most Forgiving,Isim,"Isim sifat (sighah mubalaghah), mudzakkar",91,وَٱعْلَمُوٓا۟ أَنَّ ٱللَّهَ غَفُورٌ رَّحِيمٌ,"Dan ketahuilah bahwa Allah Maha Pengampun, Maha Penyayang",And know that Allah is Forgiving and Merciful,Al-Baqarah,5:55,Sudah
155,قَدِيرٌ,Qadīr,Maha Kuasa,All-Powerful / Most Able,Isim,"Isim sifat (sighah mubalaghah), mudzakkar",45,وَهُوَ عَلَىٰ كُلِّ شَيْءٍ قَدِيرٌ,Dan Dia Mahakuasa atas segala sesuatu,And He is over all things competent,Al-Baqarah,6:44,Sudah
156,قِيَامَةٌ,Qiyāmah,Hari Kiamat,Day of Resurrection,Isim,"Isim masdar, muannats",70,وَإِنَّ ٱلسَّاعَةَ لَءَاتِيَةٌ ۖ فَٱصْفَحِ ٱلصَّفْحَ ٱلْجَمِيلَ,"Dan sesungguhnya hari Kiamat pasti akan datang, maka maafkanlah (mereka) dengan cara yang baik","And indeed, the Hour is coming; so forgive with gracious forgiveness",Al-Hijr,16:25,Sudah
157,عِبَادَةٌ,Ibādah,Ibadah / Penyembahan,Worship,Isim,"Isim masdar dari فعل عَبَدَ, muannats",19,قُلْ إِنَّمَآ أَنَا۠ بَشَرٌ مِّثْلُكُمْ يُوحَىٰٓ إِلَيَّ أَنَّمَآ إِلَٰهُكُمْ إِلَٰهٌ وَٰحِدٌ ۖ فَمَن كَانَ يَرْجُوا۟ لِقَآءَ رَبِّهِۦ فَلْيَعْمَلْ عَمَلًا صَٰلِحًا وَلَا يُشْرِكْ بِعِبَادَةِ رَبِّهِۦٓ أَحَدًا,"Katakanlah (Muhammad), 'Sesungguhnya aku ini hanya seorang manusia seperti kamu, yang telah menerima wahyu bahwa sesungguhnya Tuhan kamu adalah Tuhan Yang Maha Esa.' Maka barang siapa mengharapkan pertemuan dengan Tuhannya, hendaklah dia mengerjakan kebajikan dan janganlah dia mempersekutukan dengan sesuatu pun dalam beribadah kepada Tuhannya","Say, 'I am only a man like you, to whom has been revealed that your god is one God. So whoever would hope for the meeting with his Lord - let him do righteous work and not associate in the worship of his Lord anyone'",Al-Kahf,19:50,Sudah
158,إِسْلَامٌ,Islām,Islam,Islam / Submission,Isim,"Isim masdar dari fi'il aslama, mudzakkar",8,إِنَّ ٱلدِّينَ عِندَ ٱللَّهِ ٱلْإِسْلَٰمُ,Sesungguhnya agama di sisi Allah ialah Islam,"Indeed, the religion in the sight of Allah is Islam",Ali 'Imran,3:19,Sudah
159,آخِرَةٌ,Ākhirah,Akhirat,Hereafter / Life to come,Isim,"Isim sifat digunakan sebagai isim (ad-dār al-ākhirah), muannats",115,وَٱلْءَاخِرَةُ خَيْرٌ وَأَبْقَىٰ,Sedangkan akhirat lebih baik dan lebih kekal,While the Hereafter is better and more enduring,Al-A'la,87:17:00,Sudah
160,دُنْيَا,Dunyā,Dunia,World / Worldly life,Isim,"Isim sifat digunakan sebagai isim (al-hayāh ad-dunyā), muannats maqshur",115,وَمَا ٱلْحَيَوٰةُ ٱلدُّنْيَآ إِلَّا لَعِبٌ وَلَهْوٌ ۖ وَلَلدَّارُ ٱلْءَاخِرَةُ خَيْرٌ لِّلَّذِينَ يَتَّقُونَ,Dan kehidupan dunia ini hanyalah permainan dan senda gurau. Sedangkan negeri akhirat itu lebih baik bagi orang-orang yang bertakwa,And the worldly life is not but amusement and diversion; but the home of the Hereafter is best for those who fear Allah,Al-An'am,6:32,Sudah
161,فِرْعَوْنُ,Fir'awn,Fir'aun,Pharaoh,Isim,"Isim alam (nama diri) mu'arrab (serapan), mudzakkar (dikecualikan dari kriteria nama diri karena bermakna gelar)",74,وَلَقَدْ أَرْسَلْنَا مُوسَىٰ بِـَٔايَٰتِنَآ إِلَىٰ فِرْعَوْنَ وَهَٰمَٰنَ وَقَٰرُونَ,"Dan sungguh, Kami telah mengutus Musa dengan membawa tanda-tanda (kebesaran) Kami kepada Fir'aun, Haman, dan Qarun","And We did certainly send Moses with Our signs to Pharaoh, Haman, and Qarun",Ghafir,40:23:00,Sudah
162,جَهَنَّمُ,Jahannam,Jahannam / Neraka,Hellfire / Hell,Isim,"Isim alam (nama diri) untuk neraka, mu'annas, mamnu' min ash-sharf",77,وَإِنَّ جَهَنَّمَ لَمَوْعِدُهُمْ أَجْمَعِينَ,Dan sesungguhnya Jahannam itu benar-benar tempat yang telah dijanjikan bagi mereka semua,"And indeed, Hell is the promised place for them all",Al-Hijr,15:43,Sudah
163,إِبْرَاهِيمُ,Ibrāhīm,Ibrahim,Abraham,Isim,"Isim alam (nama nabi), mamnu' min ash-sharf",69,وَٱتَّخَذَ ٱللَّهُ إِبْرَٰهِيمَ خَلِيلًا,Dan Allah menjadikan Ibrahim sebagai kesayangan-Nya,And Allah took Abraham as an intimate friend,An-Nisa',6:05,Sudah
164,عِيسَى,Isā,Isa (putra Maryam),Jesus (son of Mary),Isim,"Isim alam (nama nabi), mamnu' min ash-sharf",25,إِنَّ مَثَلَ عِيسَىٰ عِندَ ٱللَّهِ كَمَثَلِ ءَادَمَ ۖ خَلَقَهُۥ مِن تُرَابٍ ثُمَّ قَالَ لَهُۥ كُن فَيَكُونُ,"Sesungguhnya perumpamaan (penciptaan) Isa di sisi Allah adalah seperti (penciptaan) Adam. Dia menciptakannya dari tanah, kemudian Dia berkata kepadanya, 'Jadilah!' Maka jadilah sesuatu itu","Indeed, the example of Jesus to Allah is like that of Adam. He created him from dust; then He said to him, 'Be,' and he was",Ali 'Imran,3:59,Sudah
165,مَرْيَمُ,Maryam,Maryam (ibu Isa),Mary (mother of Jesus),Isim,"Isim alam (nama perempuan), mamnu' min ash-sharf, muannats",34,وَإِذْ قَالَتِ ٱلْمَلَٰٓئِكَةُ يَٰمَرْيَمُ إِنَّ ٱللَّهَ ٱصْطَفَىٰكِ وَطَهَّرَكِ وَٱصْطَفَىٰكِ عَلَىٰ نِسَآءِ ٱلْعَٰلَمِينَ,"Dan (ingatlah) ketika para malaikat berkata, 'Wahai Maryam! Sesungguhnya Allah telah memilihmu, menyucikanmu, dan melebihkanmu di atas segala perempuan di seluruh alam'","And [mention] when the angels said, 'O Mary, indeed Allah has chosen you and purified you and chosen you above the women of the worlds'",Ali 'Imran,3:42,Sudah
166,شَيْطَانٌ,Syaythān,Setan,Satan / Devil,Isim,"Isim jamid, mudzakkar, digunakan sebagai isim jenis",80,إِنَّ ٱلشَّيْطَٰنَ لَكُمْ عَدُوٌّ فَٱتَّخِذُوهُ عَدُوًّا ۚ إِنَّمَا يَدْعُوا۟ حِزْبَهُۥ لِيَكُونُوا۟ مِنْ أَصْحَٰبِ ٱلسَّعِيرِ,"Sungguh, setan itu musuh bagimu, maka perlakukanlah ia sebagai musuh. Sesungguhnya setan itu hanya mengajak golongannya agar mereka menjadi penghuni neraka","Indeed, Satan is an enemy to you; so take him as an enemy. He only invites his party to be among the companions of the Blaze",Fatir,35:6,Sudah
167,مَلَكُوتٌ,Malakūt,Kerajaan (kekuasaan mutlak Allah),Kingdom / Dominion,Isim,"Isim jamid untuk keagungan, mudzakkar",3,فَسُبْحَٰنَ ٱلَّذِى بِيَدِهِۦ مَلَكُوتُ كُلِّ شَيْءٍ وَإِلَيْهِ تُرْجَعُونَ,Maka Mahasuci (Allah) yang di tangan-Nya kekuasaan atas segala sesuatu dan kepada-Nya kamu dikembalikan,"So exalted is He in whose hand is the realm of all things, and to Him you will be returned",Yasin,37:23:00,Sudah
168,قُرْآنٌ,Qur'ān,Al-Qur'an,Quran,Isim,"Isim masdar dari fi'il qara'a, mudzakkar",68,إِنَّ هَٰذَا ٱلْقُرْءَانَ يَهْدِى لِلَّتِى هِىَ أَقْوَمُ,Sesungguhnya Al-Qur'an ini memberi petunjuk ke (jalan) yang paling lurus,"Indeed, this Qur'an guides to that which is most suitable",Al-Isra',17:9,Sudah
169,تَوَكُّلٌ,Tawakkul,Tawakal / Berserah diri,Reliance / Trust in Allah,Isim,"Isim masdar dari fi'il tawakkala (bab tafa'ul), mudzakkar",9,وَعَلَى ٱللَّهِ فَتَوَكَّلُوٓا۟ إِن كُنتُم مُّؤْمِنِينَ,"Dan hanya kepada Allah hendaknya kamu bertawakal, jika kamu orang-orang beriman","And upon Allah rely, if you should be believers",Al-Ma'idah,5:23,Sudah
170,خَشْيَةٌ,Khasyah,Rasa takut (kepada Allah),Fear / Awe (of Allah),Isim,"Isim masdar, muannats; bermakna takut disertai pengagungan",18,إِنَّمَا يَخْشَى ٱللَّهَ مِنْ عِبَادِهِ ٱلْعُلَمَٰٓؤُا۟ ۗ إِنَّ ٱللَّهَ عَزِيزٌ غَفُورٌ,"Di antara hamba-hamba Allah yang takut kepada-Nya, hanyalah para ulama. Sungguh, Allah Mahaperkasa, Maha Pengampun","Only those fear Allah, from among His servants, who have knowledge. Indeed, Allah is Exalted in Might and Forgiving",Fatir,35:28:00,Sudah
171,تَقْوَى,Taqwā,Takwa,Piety / God-consciousness,Isim,"Isim masdar dari fi'il ittaqā (bab ifti'al), muannats maqshur",15,وَتَزَوَّدُوا۟ فَإِنَّ خَيْرَ ٱلزَّادِ ٱلتَّقْوَىٰ ۚ وَٱتَّقُونِ يَٰٓأُو۟لِى ٱلْأَلْبَٰبِ,"Berbekallah, dan sesungguhnya sebaik-baik bekal adalah takwa. Dan bertakwalah kepada-Ku, wahai orang-orang yang mempunyai akal sehat","And take provisions, but indeed, the best provision is fear of Allah. And fear Me, O you of understanding",Al-Baqarah,5:17,Sudah
172,نِفَاقٌ,Nifāq,Kemunafikan,Hypocrisy,Isim,"Isim masdar, mudzakkar",5,إِنَّ ٱلْمُنَٰفِقِينَ فِى ٱلدَّرْكِ ٱلْأَسْفَلِ مِنَ ٱلنَّارِ,Sesungguhnya orang-orang munafik itu (ditempatkan) pada tingkatan yang paling bawah dari neraka,"Indeed, the hypocrites will be in the lowest depths of the Fire",An-Nisa',6:25,Sudah
173,إِخْلَاصٌ,Ikhlāsh,Keikhlasan / Murni,Sincerity / Purity,Isim,"Isim masdar dari fi'il akhlasha (bab if'al), mudzakkar",1,قُلْ هُوَ ٱللَّهُ أَحَدٌ ۝ ٱللَّهُ ٱلصَّمَدُ ۝ لَمْ يَلِدْ وَلَمْ يُولَدْ ۝ وَلَمْ يَكُن لَّهُۥ كُفُوًا أَحَدٌۢ,"Katakanlah (Muhammad), 'Dialah Allah, Yang Maha Esa. Allah tempat meminta segala sesuatu. Dia tidak beranak dan tidak pula diperanakkan. Dan tidak ada sesuatu yang setara dengan Dia'","Say, 'He is Allah, [who is] One, Allah, the Eternal Refuge. He neither begets nor is born, Nor is there to Him any equivalent'",Al-Ikhlas,112:1-4,Sudah
174,حِكْمَةٌ,Hikmah,Hikmah / Kebijaksanaan,Wisdom,Isim,"Isim masdar, muannats",20,يُؤْتِى ٱلْحِكْمَةَ مَن يَشَآءُ ۚ وَمَن يُؤْتَ ٱلْحِكْمَةَ فَقَدْ أُوتِىَ خَيْرًا كَثِيرًا,"Dia memberikan hikmah kepada siapa yang Dia kehendaki. Barang siapa diberi hikmah, sesungguhnya dia telah diberi kebaikan yang banyak","He gives wisdom to whom He wills, and whoever has been given wisdom has certainly been given much good",Al-Baqarah,6:29,Sudah
175,عَقْلٌ,Aql,Akal / Pikiran,Reason / Intellect,Isim,"Isim masdar, mudzakkar",49,أَفَلَا تَعْقِلُونَ,Apakah kamu tidak menggunakan akal?,Will you not reason?,Al-Baqarah,2:44,Sudah
176,تَفَكَّرَ,Tafakkara,Berpikir / Merenung,He reflected / pondered,Fi'il,"Fi'il madhi mazid (bab tafa'ul), wazan tafa'ala",16,كَذَٰلِكَ يُبَيِّنُ ٱللَّهُ لَكُمُ ٱلْءَايَٰتِ لَعَلَّكُمْ تَتَفَكَّرُونَ,Demikianlah Allah menerangkan ayat-ayat-Nya kepadamu agar kamu berpikir,Thus does Allah make clear to you His verses that you might give thought,Al-Baqarah,5:39,Sudah
177,اتَّقَى,Ittaqā,Bertakwa,He feared / was pious,Fi'il,"Fi'il madhi mazid (bab ifti'al) mu'tal (naqish), wazan ifta'ala",258,وَلَقَدْ وَصَّيْنَا ٱلَّذِينَ أُوتُوا۟ ٱلْكِتَٰبَ مِن قَبْلِكُمْ وَإِيَّاكُمْ أَنِ ٱتَّقُوا۟ ٱللَّهَ,"Dan sungguh, Kami telah memerintahkan kepada orang-orang yang diberikan kitab suci sebelummu dan (juga) kepadamu agar bertakwa kepada Allah",And We have instructed those who were given the Scripture before you and yourselves to fear Allah,An-Nisa',6:11,Sudah
178,ظَنَّ,Zhanna,Menyangka / Menduga,He thought / Supposed,Fi'il,"Fi'il madhi mujarrad mudha'af, wazan fa'ila (fi'l naqis qalb)",68,إِن يَتَّبِعُونَ إِلَّا ٱلظَّنَّ وَإِنَّ ٱلظَّنَّ لَا يُغْنِى مِنَ ٱلْحَقِّ شَيْـًٔا,"Mereka hanya mengikuti persangkaan, padahal sesungguhnya persangkaan itu tidak berguna sedikit pun terhadap kebenaran","They follow not except assumption, and indeed, assumption avails not against the truth at all",An-Najm,53:28:00,Sudah
179,أَفْلَحَ,Aflaha,Beruntung / Sukses,He succeeded / Prospered,Fi'il,"Fi'il madhi mazid (bab if'al), wazan af'ala",40,قَدْ أَفْلَحَ ٱلْمُؤْمِنُونَ,Sungguh beruntung orang-orang yang beriman,Certainly will the believers have succeeded,Al-Mu'minun,23:1,Sudah
180,أَسْلَمَ,Aslama,Berserah diri / Masuk Islam,He submitted / Embraced Islam,Fi'il,"Fi'il madhi mazid (bab if'al), wazan af'ala",33,وَمَنْ أَحْسَنُ دِينًا مِّمَّنْ أَسْلَمَ وَجْهَهُۥ لِلَّهِ وَهُوَ مُحْسِنٌ,"Dan siapakah yang lebih baik agamanya daripada orang yang dengan ikhlas berserah diri kepada Allah, sedang dia mengerjakan kebaikan",And who is better in religion than one who submits himself to Allah while being a doer of good,An-Nisa',6:05,Sudah
181,عُلَمَاءُ,Ulamā',Ulama / Para ilmuwan,Scholars / Men of knowledge,Isim,"Isim jamak taksir dari عَالِم (isim fa'il), mudzakkar",2,إِنَّمَا يَخْشَى ٱللَّهَ مِنْ عِبَادِهِ ٱلْعُلَمَٰٓؤُا۟,"Di antara hamba-hamba Allah yang takut kepada-Nya, hanyalah para ulama","Only those fear Allah, from among His servants, who have knowledge",Fatir,35:28:00,Sudah
182,مَسْجِدٌ,Masjid,Masjid / Tempat sujud,Mosque / Place of prostration,Isim,"Isim makan dari fi'il sajada, mudzakkar",28,وَأَنَّ ٱلْمَسَٰجِدَ لِلَّهِ فَلَا تَدْعُوا۟ مَعَ ٱللَّهِ أَحَدًا,Dan sesungguhnya masjid-masjid itu adalah kepunyaan Allah. Maka janganlah kamu menyembah sesuatu pun di dalamnya selain Allah,"And [He revealed] that the masjids are for Allah, so do not invoke with Allah anyone",Al-Jinn,72:18:00,Sudah
183,سُنَّةٌ,Sunnah,Sunnah / Ketetapan,Sunnah / Way / Precedent,Isim,"Isim masdar, muannats",16,فَلَن تَجِدَ لِسُنَّتِ ٱللَّهِ تَبْدِيلًا ۖ وَلَن تَجِدَ لِسُنَّتِ ٱللَّهِ تَحْوِيلًا,"Maka kamu tidak akan mendapatkan perubahan bagi ketetapan Allah, dan tidak (pula) mendapatkan penyimpangan","And you will never find in the way of Allah any change, and you will never find in the way of Allah any alteration",Fatir,35:43:00,Sudah
184,تُرَابٌ,Turāb,Tanah / Debu,Dust / Soil,Isim,"Isim jamid, mudzakkar",22,إِنَّ مَثَلَ عِيسَىٰ عِندَ ٱللَّهِ كَمَثَلِ ءَادَمَ ۖ خَلَقَهُۥ مِن تُرَابٍ,Sesungguhnya perumpamaan (penciptaan) Isa di sisi Allah adalah seperti (penciptaan) Adam. Dia menciptakannya dari tanah,"Indeed, the example of Jesus to Allah is like that of Adam. He created him from dust",Ali 'Imran,3:59,Sudah
185,مَاءٌ,Mā',Air,Water,Isim,"Isim jamid, mudzakkar",63,وَجَعَلْنَا مِنَ ٱلْمَآءِ كُلَّ شَيْءٍ حَيٍّ ۖ أَفَلَا يُؤْمِنُونَ,Dan Kami jadikan segala sesuatu yang hidup berasal dari air; maka mengapa mereka tidak beriman?,And We made from water every living thing. Will they not then believe?,Al-Anbiya',21:30,Sudah
186,نُطْفَةٌ,Nuthfah,Nutfah / Setetes air mani,Sperm drop / Seed,Isim,"Isim jamid, muannats",12,خَلَقَ ٱلْإِنسَٰنَ مِن نُّطْفَةٍ فَإِذَا هُوَ خَصِيمٌ مُّبِينٌ,"Dia menciptakan manusia dari setetes mani (nutfah), tetapi tiba-tiba manusia itu menjadi pembantah yang nyata","He created man from a sperm-drop; then at once, he is a clear adversary",An-Nahl,16:4,Sudah
187,نَبَأٌ,Naba',Berita / Kabar,News / Tidings,Isim,"Isim jamid, mudzakkar",29,عَمَّ يَتَسَآءَلُونَ ۝ عَنِ ٱلنَّبَإِ ٱلْعَظِيمِ,Tentang apa mereka saling bertanya-tanya? Tentang berita yang besar (hari Kiamat),About what are they asking one another? About the great news,An-Naba',78:1-2,Sudah
188,لِسَانٌ,Lisān,Lisan / Lidah / Bahasa,Tongue / Language,Isim,"Isim jamid, mudzakkar",25,وَمِنْ ءَايَٰتِهِۦ خَلْقُ ٱلسَّمَٰوَٰتِ وَٱلْأَرْضِ وَٱخْتِلَٰفُ أَلْسِنَتِكُمْ وَأَلْوَٰنِكُمْ,"Dan di antara tanda-tanda (kebesaran)-Nya ialah penciptaan langit dan bumi, perbedaan bahasamu dan warna kulitmu",And of His signs is the creation of the heavens and the earth and the diversity of your languages and your colors,Ar-Rum,30:22:00,Sudah
189,قَلَمٌ,Qalam,Pena / Qalam,Pen / Reed,Isim,"Isim jamid, mudzakkar",4,ن ۚ وَٱلْقَلَمِ وَمَا يَسْطُرُونَ,"Nun, demi pena dan apa yang mereka tuliskan",Nun. By the pen and what they inscribe,Al-Qalam,68:1,Sudah
190,بَيِّنَةٌ,Bayyinah,Bukti yang jelas / Keterangan nyata,Clear evidence / Proof,Isim,"Isim sifat digunakan sebagai isim, muannats",19,لَمْ يَكُنِ ٱلَّذِينَ كَفَرُوا۟ مِنْ أَهْلِ ٱلْكِتَٰبِ وَٱلْمُشْرِكِينَ مُنفَكِّينَ حَتَّىٰ تَأْتِيَهُمُ ٱلْبَيِّنَةُ,Orang-orang yang kafir dari golongan Ahli Kitab dan orang-orang musyrik tidak akan meninggalkan (agama mereka) sampai datang kepada mereka bukti yang nyata,Those who disbelieved among the People of the Scripture and the polytheists were not to be parted [from misbelief] until there came to them clear evidence,Al-Bayyinah,98:1,Sudah
191,شَهَادَةٌ,Syahādah,Kesaksian / Syahadat,Testimony / Witness,Isim,"Isim masdar dari fi'il syahida, muannats",25,عَٰلِمُ ٱلْغَيْبِ وَٱلشَّهَٰدَةِ ٱلْكَبِيرُ ٱلْمُتَعَالِ,"(Allah adalah) Yang Mengetahui yang gaib dan yang nyata, Yang Mahabesar, Mahatinggi","[He is] Knower of the unseen and the witnessed, the Grand, the Exalted",Ar-Ra'd,13:9,Sudah
192,غَيْبٌ,Ghayb,Gaib / Yang tersembunyi,Unseen / Hidden,Isim,"Isim masdar, mudzakkar",49,وَعِندَهُۥ مَفَاتِحُ ٱلْغَيْبِ لَا يَعْلَمُهَآ إِلَّا هُوَ,Dan di sisi-Nya lah kunci-kunci semua yang gaib; tidak ada yang mengetahuinya kecuali Dia,And with Him are the keys of the unseen; none knows them except Him,Al-An'am,6:59,Sudah
193,طَعَامٌ,Tha'ām,Makanan,Food,Isim,"Isim masdar digunakan sebagai isim, mudzakkar",24,فَلْيَنظُرِ ٱلْإِنسَٰنُ إِلَىٰ طَعَامِهِۦٓ,Maka hendaklah manusia itu memperhatikan makanannya,Then let mankind look at his food,Abasa,80:24:00,Sudah
194,شَمْسٌ,Syams,Matahari,Sun,Isim,"Isim jamid, muannats",33,وَٱلشَّمْسِ وَضُحَىٰهَا ۝ وَٱلْقَمَرِ إِذَا تَلَىٰهَا,"Demi matahari dan sinarnya di pagi hari, dan demi bulan apabila mengiringinya","By the sun and its brightness, And [by] the moon when it follows it",As-Syams,91:1-2,Sudah
195,قَمَرٌ,Qamar,Bulan,Moon,Isim,"Isim jamid, mudzakkar",27,لَا ٱلشَّمْسُ يَنۢبَغِى لَهَآ أَن تُدْرِكَ ٱلْقَمَرَ وَلَا ٱلَّيْلُ سَابِقُ ٱلنَّهَارِ ۚ وَكُلٌّ فِى فَلَكٍ يَسْبَحُونَ,Tidaklah mungkin bagi matahari mengejar bulan dan malam pun tidak dapat mendahului siang. Masing-masing beredar pada garis edarnya,"It is not allowable for the sun to reach the moon, nor does the night overtake the day, but each, in an orbit, is swimming",Yasin,36:40:00,Sudah